time,i_C,i_L,i_d,i_s,u_R,u_out
0.0,-0.0057375989854335785,21.9942626953125,21.994247436523438,1.4481994185189251E-5,-0.0013770237565040588,59.99860382080078
1.0000000000000005E-8,-0.011475058272480965,21.988525390625,21.988510131835938,1.448198872822104E-5,-0.0027540139853954315,59.997188568115234
2.000000000000001E-8,-0.01721237786114216,21.9827880859375,21.982772827148438,1.4481982361758128E-5,-0.004130970686674118,59.995758056640625
3.000000000000002E-8,-0.02294955588877201,21.97705078125,21.977035522460938,1.4481976904789917E-5,-0.005507893394678831,59.99430847167969
4.000000000000002E-8,-0.028686588630080223,21.9713134765625,21.971298217773438,1.4481971447821707E-5,-0.006884781178086996,59.992835998535156
5.0000000000000024E-8,-0.034423474222421646,21.965576171875,21.96556282043457,1.4481965990853496E-5,-0.008261634036898613,59.99134826660156
6.000000000000003E-8,-0.04016021639108658,21.9598388671875,21.95982551574707,1.4481959624390583E-5,-0.009638451971113682,59.98984146118164
7.000000000000003E-8,-0.045896805822849274,21.954103469848633,21.95408821105957,1.4481954167422373E-5,-0.01101523358374834,59.988319396972656
8.000000000000004E-8,-0.05163324624300003,21.948366165161133,21.948352813720703,1.4481948710454162E-5,-0.01239197887480259,59.98677444458008
9.000000000000005E-8,-0.05736953392624855,21.942630767822266,21.942615509033203,1.448194234399125E-5,-0.013768687844276428,59.98521423339844
1.0000000000000005E-7,-0.06310566514730453,21.936893463134766,21.936880111694336,1.448193688702304E-5,-0.015145359560847282,59.98363494873047
1.1000000000000006E-7,-0.06884164363145828,21.9311580657959,21.93114471435547,1.4481931430054829E-5,-0.016521994024515152,59.982032775878906
1.2000000000000007E-7,-0.0745774582028389,21.92542266845703,21.92540740966797,1.4481925063591916E-5,-0.017898589372634888,59.98041915893555
1.3000000000000008E-7,-0.08031311631202698,21.919687271118164,21.9196720123291,1.4481919606623705E-5,-0.01927514746785164,59.978782653808594
1.4000000000000006E-7,-0.08604861050844193,21.913951873779297,21.913936614990234,1.4481914149655495E-5,-0.020651666447520256,59.97712707519531
1.5000000000000007E-7,-0.09178394824266434,21.90821647644043,21.908201217651367,1.4481907783192582E-5,-0.02202814817428589,59.97545623779297
1.6000000000000008E-7,-0.09751911461353302,21.902481079101562,21.9024658203125,1.4481902326224372E-5,-0.02340458706021309,59.97376251220703
1.700000000000001E-7,-0.10325411707162857,21.896745681762695,21.896732330322266,1.4481896869256161E-5,-0.024780988693237305,59.97205352783203
1.800000000000001E-7,-0.10898894816637039,21.891010284423828,21.8909969329834,1.448189141228795E-5,-0.026157349348068237,59.9703254699707
1.9000000000000009E-7,-0.11472361534833908,21.885276794433594,21.88526153564453,1.4481885045825038E-5,-0.027533667162060738,59.96857833862305
2.000000000000001E-7,-0.12045810371637344,21.879541397094727,21.879528045654297,1.4481879588856827E-5,-0.028909945860505104,59.96681594848633
2.100000000000001E-7,-0.12619242072105408,21.873807907104492,21.87379264831543,1.4481874131888617E-5,-0.030286181718111038,59.965030670166016
2.2000000000000012E-7,-0.13192656636238098,21.868072509765625,21.868059158325195,1.4481867765425704E-5,-0.03166237473487854,59.96323013305664
2.3000000000000013E-7,-0.13766053318977356,21.86233901977539,21.86232566833496,1.4481862308457494E-5,-0.03303852677345276,59.96141052246094
2.4000000000000014E-7,-0.1433943212032318,21.856605529785156,21.856590270996094,1.4481856851489283E-5,-0.034414637833833694,59.959571838378906
2.5000000000000015E-7,-0.14912793040275574,21.850872039794922,21.85085678100586,1.448185048502637E-5,-0.03579070046544075,59.95771408081055
2.6000000000000016E-7,-0.15486134588718414,21.845138549804688,21.845123291015625,1.448184502805816E-5,-0.03716672211885452,59.95583724975586
2.700000000000001E-7,-0.16059458255767822,21.839405059814453,21.839391708374023,1.448183957108995E-5,-0.03854270279407501,59.95394515991211
2.800000000000001E-7,-0.16632764041423798,21.83367156982422,21.83365821838379,1.4481833204627037E-5,-0.03991863504052162,59.95203399658203
2.9000000000000014E-7,-0.1720605045557022,21.827939987182617,21.827924728393555,1.4481827747658826E-5,-0.04129452258348465,59.95009994506836
3.0000000000000015E-7,-0.17779318988323212,21.822206497192383,21.822193145751953,1.4481822290690616E-5,-0.042670365422964096,59.948150634765625
3.1000000000000016E-7,-0.1835256665945053,21.81647491455078,21.81645965576172,1.4481816833722405E-5,-0.04404615983366966,59.94618225097656
3.2000000000000017E-7,-0.18925796449184418,21.810741424560547,21.810728073120117,1.4481810467259493E-5,-0.04542190954089165,59.94419860839844
3.300000000000002E-7,-0.19499006867408752,21.805009841918945,21.804994583129883,1.4481805010291282E-5,-0.04679761454463005,59.94219207763672
3.400000000000002E-7,-0.20072196424007416,21.799278259277344,21.79926300048828,1.4481799553323071E-5,-0.048173271119594574,59.94017028808594
3.500000000000002E-7,-0.20645366609096527,21.793546676635742,21.79353141784668,1.4481793186860159E-5,-0.04954887926578522,59.93812942504883
3.600000000000002E-7,-0.21218517422676086,21.78781509399414,21.787799835205078,1.4481787729891948E-5,-0.05092444270849228,59.93606948852539
3.700000000000002E-7,-0.21791647374629974,21.78208351135254,21.782068252563477,1.4481782272923738E-5,-0.05229995399713516,59.933990478515625
3.8000000000000017E-7,-0.2236475795507431,21.776351928710938,21.776338577270508,1.4481775906460825E-5,-0.053675416857004166,59.93189239501953
3.900000000000002E-7,-0.22937847673892975,21.77062225341797,21.770606994628906,1.4481770449492615E-5,-0.05505083128809929,59.929779052734375
4.000000000000002E-7,-0.2351091504096985,21.764890670776367,21.764875411987305,1.4481764992524404E-5,-0.05642619729042053,59.927642822265625
4.100000000000002E-7,-0.2408396303653717,21.7591609954834,21.759145736694336,1.4481759535556193E-5,-0.0578015111386776,59.92549133300781
4.200000000000002E-7,-0.2465699017047882,21.753429412841797,21.753416061401367,1.4481753169093281E-5,-0.05917677655816078,59.92332077026367
4.300000000000002E-7,-0.252299964427948,21.747699737548828,21.7476863861084,1.448174771212507E-5,-0.06055198982357979,59.9211311340332
4.4000000000000023E-7,-0.2580298185348511,21.74197006225586,21.741954803466797,1.448174225515686E-5,-0.061927154660224915,59.91892623901367
4.5000000000000024E-7,-0.26375943422317505,21.73624038696289,21.73622703552246,1.4481735888693947E-5,-0.06330226361751556,59.91669845581055
4.6000000000000025E-7,-0.2694888412952423,21.730510711669922,21.730497360229492,1.4481730431725737E-5,-0.06467732042074203,59.91445541381836
4.7000000000000026E-7,-0.27521803975105286,21.724781036376953,21.724767684936523,1.4481724974757526E-5,-0.06605233252048492,59.91218948364258
4.800000000000003E-7,-0.2809469997882843,21.719053268432617,21.719038009643555,1.4481718608294614E-5,-0.06742728501558304,59.909908294677734
4.900000000000003E-7,-0.28667575120925903,21.71332359313965,21.71331024169922,1.4481713151326403E-5,-0.06880218535661697,59.90761184692383
5.000000000000003E-7,-0.29240429401397705,21.707595825195312,21.70758056640625,1.4481707694358192E-5,-0.07017702609300613,59.90529251098633
5.100000000000003E-7,-0.29813259840011597,21.701868057250977,21.701852798461914,1.4481702237389982E-5,-0.07155182212591171,59.9029541015625
5.200000000000003E-7,-0.3038606643676758,21.69614028930664,21.696125030517578,1.448169587092707E-5,-0.07292655855417252,59.90060043334961
5.300000000000003E-7,-0.3095884919166565,21.690410614013672,21.690397262573242,1.4481690413958859E-5,-0.07430124282836914,59.89822769165039
5.400000000000002E-7,-0.3153161108493805,21.68468475341797,21.684669494628906,1.4481684956990648E-5,-0.07567586749792099,59.895835876464844
5.500000000000002E-7,-0.3210434913635254,21.678956985473633,21.67894172668457,1.4481678590527736E-5,-0.07705044001340866,59.89342498779297
5.600000000000002E-7,-0.3267706334590912,21.673229217529297,21.673213958740234,1.4481673133559525E-5,-0.07842495292425156,59.890995025634766
5.700000000000003E-7,-0.3324975371360779,21.667503356933594,21.66748809814453,1.4481667676591314E-5,-0.07979941368103027,59.8885498046875
5.800000000000003E-7,-0.3382242023944855,21.661775588989258,21.661762237548828,1.4481661310128402E-5,-0.08117380738258362,59.886085510253906
5.900000000000003E-7,-0.34395062923431396,21.656049728393555,21.656034469604492,1.4481655853160191E-5,-0.08254815638065338,59.883602142333984
6.000000000000003E-7,-0.34967681765556335,21.65032386779785,21.65030860900879,1.448165039619198E-5,-0.08392243832349777,59.881099700927734
6.100000000000003E-7,-0.35540276765823364,21.64459800720215,21.644582748413086,1.448164493922377E-5,-0.08529666811227798,59.878578186035156
6.200000000000003E-7,-0.36112847924232483,21.638872146606445,21.638856887817383,1.4481638572760858E-5,-0.08667083829641342,59.87603759765625
6.300000000000003E-7,-0.3668539226055145,21.633146286010742,21.63313102722168,1.4481633115792647E-5,-0.08804494142532349,59.87348175048828
6.400000000000003E-7,-0.3725791275501251,21.62742042541504,21.62740707397461,1.4481627658824436E-5,-0.08941899240016937,59.870906829833984
6.500000000000003E-7,-0.3783040940761566,21.62169647216797,21.621681213378906,1.4481621292361524E-5,-0.09079298377037048,59.868309020996094
6.600000000000004E-7,-0.3840287923812866,21.615970611572266,21.615957260131836,1.4481615835393313E-5,-0.09216690808534622,59.865699768066406
6.700000000000004E-7,-0.3897532522678375,21.610246658325195,21.610231399536133,1.4481610378425103E-5,-0.09354078024625778,59.863067626953125
6.800000000000004E-7,-0.39547744393348694,21.604522705078125,21.604507446289062,1.4481604921456892E-5,-0.09491458535194397,59.860416412353516
6.900000000000004E-7,-0.40120136737823486,21.598798751831055,21.598783493041992,1.448159855499398E-5,-0.09628833085298538,59.857749938964844
7.000000000000004E-7,-0.4069250524044037,21.593074798583984,21.593059539794922,1.4481593098025769E-5,-0.09766201674938202,59.855064392089844
7.100000000000004E-7,-0.412648469209671,21.587350845336914,21.587337493896484,1.4481587641057558E-5,-0.09903563559055328,59.852359771728516
7.200000000000004E-7,-0.41837161779403687,21.581628799438477,21.581613540649414,1.4481581274594646E-5,-0.10040919482707977,59.84963607788086
7.300000000000004E-7,-0.4240945279598236,21.575904846191406,21.575891494750977,1.4481575817626435E-5,-0.10178268700838089,59.846893310546875
7.400000000000004E-7,-0.4298171401023865,21.57018280029297,21.570167541503906,1.4481570360658225E-5,-0.10315611213445663,59.84413528442383
7.500000000000003E-7,-0.43553951382637024,21.56446075439453,21.56444549560547,1.4481563994195312E-5,-0.1045294851064682,59.84135437011719
7.600000000000003E-7,-0.4412615895271301,21.558738708496094,21.55872344970703,1.4481558537227102E-5,-0.1059027835726738,59.838558197021484
7.700000000000004E-7,-0.4469834268093109,21.553016662597656,21.553001403808594,1.4481553080258891E-5,-0.10727602243423462,59.83574295043945
7.800000000000004E-7,-0.4527049660682678,21.54729461669922,21.54728126525879,1.448154762329068E-5,-0.10864918678998947,59.832908630371094
7.900000000000004E-7,-0.45842623710632324,21.541574478149414,21.54155921936035,1.4481541256827768E-5,-0.11002229899168015,59.83005905151367
8.000000000000004E-7,-0.4641472399234772,21.535852432250977,21.535839080810547,1.4481535799859557E-5,-0.11139533668756485,59.827186584472656
8.100000000000004E-7,-0.4698679447174072,21.530132293701172,21.53011703491211,1.4481530342891347E-5,-0.11276830732822418,59.82429885864258
8.200000000000004E-7,-0.4755883812904358,21.524412155151367,21.524396896362305,1.4481523976428434E-5,-0.11414121091365814,59.82139205932617
8.300000000000004E-7,-0.48130854964256287,21.518692016601562,21.5186767578125,1.4481518519460224E-5,-0.11551404744386673,59.81846618652344
8.400000000000004E-7,-0.48702841997146606,21.512971878051758,21.512956619262695,1.4481513062492013E-5,-0.11688681691884995,59.815521240234375
8.500000000000004E-7,-0.4927479922771454,21.507251739501953,21.507238388061523,1.4481507605523802E-5,-0.11825951933860779,59.81256103515625
8.600000000000004E-7,-0.4984672963619232,21.50153350830078,21.50151824951172,1.448150123906089E-5,-0.11963215470314026,59.8095817565918
8.700000000000005E-7,-0.5041863322257996,21.495813369750977,21.495800018310547,1.448149578209268E-5,-0.12100471556186676,59.80657958984375
8.800000000000005E-7,-0.5099050402641296,21.490095138549805,21.490079879760742,1.4481490325124469E-5,-0.12237720936536789,59.80356216430664
8.900000000000005E-7,-0.5156234502792358,21.484376907348633,21.48436164855957,1.4481483958661556E-5,-0.12374962866306305,59.80052947998047
9.000000000000005E-7,-0.5213416218757629,21.47865867614746,21.4786434173584,1.4481478501693346E-5,-0.12512198090553284,59.7974739074707
9.100000000000005E-7,-0.5270594358444214,21.47294044494629,21.472925186157227,1.4481473044725135E-5,-0.12649427354335785,59.794403076171875
9.200000000000005E-7,-0.5327770113945007,21.467222213745117,21.467208862304688,1.4481467587756924E-5,-0.1278664767742157,59.79130935668945
9.300000000000005E-7,-0.5384942293167114,21.461505889892578,21.461490631103516,1.4481461221294012E-5,-0.12923862040042877,59.78820037841797
9.400000000000005E-7,-0.544211208820343,21.45578956604004,21.455774307250977,1.4481455764325801E-5,-0.13061068952083588,59.785072326660156
9.500000000000005E-7,-0.549927830696106,21.450071334838867,21.450057983398438,1.448145030735759E-5,-0.131982684135437,59.78192901611328
9.600000000000005E-7,-0.555644154548645,21.444355010986328,21.4443416595459,1.4481443940894678E-5,-0.13335460424423218,59.77876281738281
9.700000000000005E-7,-0.5613601803779602,21.438640594482422,21.43862533569336,1.4481438483926468E-5,-0.13472644984722137,59.77558135986328
9.800000000000006E-7,-0.5670759081840515,21.432924270629883,21.43290901184082,1.4481433026958257E-5,-0.1360982209444046,59.77238082885742
9.900000000000005E-7,-0.572791337966919,21.427207946777344,21.427194595336914,1.4481427569990046E-5,-0.13746991753578186,59.769161224365234
1.0000000000000006E-6,-0.5785064697265625,21.421493530273438,21.421478271484375,1.4481421203527134E-5,-0.13884155452251434,59.76592254638672
1.0100000000000005E-6,-0.5842212438583374,21.41577911376953,21.41576385498047,1.4481415746558923E-5,-0.14021310210227966,59.762664794921875
1.0200000000000006E-6,-0.5899357199668884,21.410064697265625,21.410049438476562,1.4481410289590713E-5,-0.141584575176239,59.75939178466797
1.0300000000000005E-6,-0.5956498980522156,21.40435028076172,21.404335021972656,1.44814039231278E-5,-0.1429559737443924,59.756099700927734
1.0400000000000006E-6,-0.6013637185096741,21.398635864257812,21.398622512817383,1.448139846615959E-5,-0.1443272978067398,59.75278854370117
1.0500000000000005E-6,-0.6070772409439087,21.39292335510254,21.392908096313477,1.4481393009191379E-5,-0.14569854736328125,59.74945831298828
1.0600000000000007E-6,-0.6127904653549194,21.387208938598633,21.387195587158203,1.4481387552223168E-5,-0.14706970751285553,59.74610900878906
1.0700000000000006E-6,-0.6185033321380615,21.38149642944336,21.38148307800293,1.4481381185760256E-5,-0.14844080805778503,59.74274444580078
1.0800000000000005E-6,-0.6242159008979797,21.375783920288086,21.375768661499023,1.4481375728792045E-5,-0.14981181919574738,59.73936080932617
1.0900000000000006E-6,-0.6299281716346741,21.370071411132812,21.370058059692383,1.4481370271823835E-5,-0.15118275582790375,59.735958099365234
1.1000000000000005E-6,-0.635640025138855,21.364360809326172,21.36434555053711,1.4481363905360922E-5,-0.15255361795425415,59.73253631591797
1.1100000000000006E-6,-0.6413516402244568,21.3586483001709,21.358633041381836,1.4481358448392712E-5,-0.1539243906736374,59.729095458984375
1.1200000000000005E-6,-0.6470628976821899,21.352937698364258,21.352922439575195,1.4481352991424501E-5,-0.15529508888721466,59.72563934326172
1.1300000000000006E-6,-0.6527737975120544,21.347227096557617,21.347211837768555,1.448134753445629E-5,-0.15666571259498596,59.72216033935547
1.1400000000000005E-6,-0.6584843397140503,21.341516494750977,21.341501235961914,1.4481341167993378E-5,-0.1580362468957901,59.718666076660156
1.1500000000000006E-6,-0.6641945838928223,21.335805892944336,21.335790634155273,1.4481335711025167E-5,-0.15940670669078827,59.715152740478516
1.1600000000000005E-6,-0.6699044704437256,21.330095291137695,21.330081939697266,1.4481330254056957E-5,-0.16077707707881927,59.71162033081055
1.1700000000000007E-6,-0.675614058971405,21.324386596679688,21.324371337890625,1.4481324797088746E-5,-0.1621473729610443,59.708072662353516
1.1800000000000006E-6,-0.6813232898712158,21.318675994873047,21.318662643432617,1.4481318430625834E-5,-0.16351757943630219,59.704505920410156
1.1900000000000007E-6,-0.6870321035385132,21.31296730041504,21.31295394897461,1.4481312973657623E-5,-0.1648877114057541,59.7009162902832
1.2000000000000006E-6,-0.6927406787872314,21.30725860595703,21.3072452545166,1.4481307516689412E-5,-0.16625775396823883,59.69731521606445
1.2100000000000007E-6,-0.6984488368034363,21.301551818847656,21.301536560058594,1.44813011502265E-5,-0.1676277220249176,59.69369125366211
1.2200000000000006E-6,-0.7041566967964172,21.29584312438965,21.29582977294922,1.448129569325829E-5,-0.1689976006746292,59.69004821777344
1.2300000000000007E-6,-0.7098641395568848,21.290136337280273,21.29012107849121,1.4481290236290079E-5,-0.17036738991737366,59.6863899230957
1.2400000000000006E-6,-0.7155712842941284,21.2844295501709,21.284414291381836,1.4481284779321868E-5,-0.17173710465431213,59.68271255493164
1.2500000000000007E-6,-0.7212780714035034,21.278722763061523,21.27870750427246,1.4481278412858956E-5,-0.17310672998428345,59.67901611328125
1.2600000000000006E-6,-0.726984441280365,21.27301597595215,21.273000717163086,1.4481272955890745E-5,-0.1744762659072876,59.67530059814453
1.2700000000000008E-6,-0.7326905131340027,21.267309188842773,21.267295837402344,1.4481267498922534E-5,-0.17584572732448578,59.671566009521484
1.2800000000000007E-6,-0.7383962273597717,21.26160430908203,21.26158905029297,1.4481262041954324E-5,-0.1772150993347168,59.667816162109375
1.2900000000000006E-6,-0.7441015839576721,21.255897521972656,21.255884170532227,1.4481255675491411E-5,-0.17858438193798065,59.66404724121094
1.3000000000000007E-6,-0.7498065233230591,21.250192642211914,21.250179290771484,1.44812502185232E-5,-0.17995357513427734,59.66025924682617
1.3100000000000006E-6,-0.7555111646652222,21.244489669799805,21.244474411010742,1.448124476155499E-5,-0.18132267892360687,59.65645217895508
1.3200000000000007E-6,-0.7612153887748718,21.238784790039062,21.23876953125,1.4481238395092078E-5,-0.18269169330596924,59.652626037597656
1.3300000000000006E-6,-0.7669193148612976,21.23307991027832,21.23306655883789,1.4481232938123867E-5,-0.18406063318252563,59.64878463745117
1.3400000000000007E-6,-0.77262282371521,21.22737693786621,21.22736358642578,1.4481227481155656E-5,-0.18542946875095367,59.64492416381836
1.3500000000000006E-6,-0.7783259153366089,21.2216739654541,21.22165870666504,1.4481222024187446E-5,-0.18679822981357574,59.64104461669922
1.3600000000000007E-6,-0.7840287089347839,21.215970993041992,21.215957641601562,1.4481215657724533E-5,-0.18816688656806946,59.63714599609375
1.3700000000000006E-6,-0.7897310853004456,21.210268020629883,21.210254669189453,1.4481210200756323E-5,-0.1895354688167572,59.63323211669922
1.3800000000000008E-6,-0.7954331040382385,21.204566955566406,21.204551696777344,1.4481204743788112E-5,-0.1909039467573166,59.629295349121094
1.3900000000000007E-6,-0.8011347651481628,21.19886589050293,21.198850631713867,1.4481199286819901E-5,-0.1922723352909088,59.625343322753906
1.4000000000000008E-6,-0.8068360090255737,21.193164825439453,21.19314956665039,1.4481192920356989E-5,-0.19364063441753387,59.62137222290039
1.4100000000000007E-6,-0.812536895275116,21.187463760375977,21.187448501586914,1.4481187463388778E-5,-0.19500884413719177,59.61738204956055
1.4200000000000008E-6,-0.8182373642921448,21.1817626953125,21.181747436523438,1.4481182006420568E-5,-0.1963769644498825,59.61337661743164
1.4300000000000007E-6,-0.8239374756813049,21.176061630249023,21.176048278808594,1.4481175639957655E-5,-0.19774499535560608,59.60934829711914
1.4400000000000008E-6,-0.8296371698379517,21.17036247253418,21.17034912109375,1.4481170182989445E-5,-0.1991129219532013,59.60530471801758
1.4500000000000007E-6,-0.8353365063667297,21.164663314819336,21.164649963378906,1.4481164726021234E-5,-0.20048075914382935,59.60124206542969
1.4600000000000008E-6,-0.8410354256629944,21.158964157104492,21.158950805664062,1.4481159269053023E-5,-0.20184850692749023,59.59716033935547
1.4700000000000007E-6,-0.8467339873313904,21.15326690673828,21.15325164794922,1.4481152902590111E-5,-0.20321616530418396,59.59306335449219
1.4800000000000009E-6,-0.852432131767273,21.147567749023438,21.147552490234375,1.44811474456219E-5,-0.20458371937274933,59.58894729614258
1.4900000000000008E-6,-0.8581299185752869,21.141870498657227,21.141855239868164,1.448114198865369E-5,-0.20595118403434753,59.584808349609375
1.5000000000000007E-6,-0.8638272881507874,21.136173248291016,21.136157989501953,1.4481136531685479E-5,-0.20731854438781738,59.580657958984375
1.5100000000000008E-6,-0.8695242404937744,21.130475997924805,21.130460739135742,1.4481130165222567E-5,-0.20868581533432007,59.57648468017578
1.5200000000000007E-6,-0.875220775604248,21.124778747558594,21.124765396118164,1.4481124708254356E-5,-0.2100529819726944,59.57229232788086
1.5300000000000008E-6,-0.880916953086853,21.119083404541016,21.119068145751953,1.4481119251286145E-5,-0.21142005920410156,59.568084716796875
1.5400000000000007E-6,-0.8866127133369446,21.113388061523438,21.113372802734375,1.4481113794317935E-5,-0.21278704702854156,59.56385803222656
1.5500000000000008E-6,-0.8923080563545227,21.10769271850586,21.107677459716797,1.4481107427855022E-5,-0.2141539305448532,59.55961227416992
1.5600000000000007E-6,-0.8980029821395874,21.10199737548828,21.10198211669922,1.4481101970886812E-5,-0.2155207097530365,59.55534744262695
1.5700000000000009E-6,-0.9036974906921387,21.096302032470703,21.096288681030273,1.4481096513918601E-5,-0.21688739955425262,59.55106735229492
1.5800000000000008E-6,-0.9093916416168213,21.090608596801758,21.090593338012695,1.4481090147455689E-5,-0.2182539999485016,59.54676818847656
1.5900000000000009E-6,-0.9150853157043457,21.084915161132812,21.08489990234375,1.4481084690487478E-5,-0.219620481133461,59.542449951171875
1.6000000000000008E-6,-0.9207786321640015,21.079221725463867,21.079206466674805,1.4481079233519267E-5,-0.22098687291145325,59.53811264038086
1.6100000000000009E-6,-0.9264715313911438,21.073528289794922,21.073514938354492,1.4481073776551057E-5,-0.22235316038131714,59.533756256103516
1.6200000000000008E-6,-0.9321639537811279,21.06783676147461,21.067821502685547,1.4481067410088144E-5,-0.22371935844421387,59.52938461303711
1.630000000000001E-6,-0.9378560185432434,21.062143325805664,21.062129974365234,1.4481061953119934E-5,-0.22508543729782104,59.524993896484375
1.6400000000000008E-6,-0.9435476064682007,21.05645179748535,21.056438446044922,1.4481056496151723E-5,-0.22645142674446106,59.52058410644531
1.650000000000001E-6,-0.9492388367652893,21.05076026916504,21.05074691772461,1.4481051039183512E-5,-0.22781731188297272,59.51615524291992
1.6600000000000008E-6,-0.9549295902252197,21.04507064819336,21.045055389404297,1.44810446727206E-5,-0.2291831076145172,59.5117073059082
1.670000000000001E-6,-0.9606199264526367,21.039379119873047,21.039365768432617,1.448103921575239E-5,-0.23054878413677216,59.50724411010742
1.6800000000000009E-6,-0.9663098454475403,21.033689498901367,21.033676147460938,1.4481033758784179E-5,-0.23191437125205994,59.50276184082031
1.690000000000001E-6,-0.9719993472099304,21.027999877929688,21.027986526489258,1.4481028301815968E-5,-0.23327983915805817,59.498260498046875
1.7000000000000009E-6,-0.9776883721351624,21.02231216430664,21.022296905517578,1.4481021935353056E-5,-0.23464521765708923,59.49374008178711
1.7100000000000008E-6,-0.9833770394325256,21.01662254333496,21.01660919189453,1.4481016478384845E-5,-0.23601047694683075,59.48920440673828
1.720000000000001E-6,-0.9890651702880859,21.010934829711914,21.01091957092285,1.4481011021416634E-5,-0.2373756468296051,59.484649658203125
1.7300000000000008E-6,-0.9947529435157776,21.005247116088867,21.005231857299805,1.4481005564448424E-5,-0.2387407124042511,59.48007583618164
1.740000000000001E-6,-1.000440239906311,20.99955940246582,20.99954605102539,1.4480999197985511E-5,-0.24010565876960754,59.47548294067383
1.7500000000000008E-6,-1.006127119064331,20.993873596191406,20.993858337402344,1.44809937410173E-5,-0.24147051572799683,59.47087097167969
1.760000000000001E-6,-1.0118135213851929,20.98818588256836,20.98817253112793,1.448098828404909E-5,-0.24283525347709656,59.466243743896484
1.7700000000000008E-6,-1.017499566078186,20.982500076293945,20.982486724853516,1.448098282708088E-5,-0.24419988691806793,59.46159744262695
1.780000000000001E-6,-1.0231850147247314,20.97681427001953,20.9768009185791,1.4480976460617967E-5,-0.24556441605091095,59.456932067871094
1.7900000000000009E-6,-1.0288701057434082,20.97113037109375,20.971115112304688,1.4480971003649756E-5,-0.2469288408756256,59.452247619628906
1.800000000000001E-6,-1.0345548391342163,20.965444564819336,20.965431213378906,1.4480965546681546E-5,-0.24829314649105072,59.44754409790039
1.8100000000000009E-6,-1.0402389764785767,20.959760665893555,20.959747314453125,1.4480960089713335E-5,-0.24965736269950867,59.44282531738281
1.820000000000001E-6,-1.0459227561950684,20.954076766967773,20.954063415527344,1.4480953723250423E-5,-0.25102144479751587,59.438087463378906
1.830000000000001E-6,-1.0516060590744019,20.948394775390625,20.948379516601562,1.4480948266282212E-5,-0.2523854374885559,59.43333053588867
1.840000000000001E-6,-1.0572888851165771,20.942710876464844,20.942697525024414,1.4480942809314001E-5,-0.2537493109703064,59.428558349609375
1.850000000000001E-6,-1.0629712343215942,20.937028884887695,20.937013626098633,1.448093735234579E-5,-0.2551130950450897,59.423763275146484
1.860000000000001E-6,-1.0686531066894531,20.931346893310547,20.931331634521484,1.4480930985882878E-5,-0.2564767599105835,59.41895294189453
1.870000000000001E-6,-1.0743346214294434,20.9256649017334,20.92565155029297,1.4480925528914668E-5,-0.2578403055667877,59.41412353515625
1.880000000000001E-6,-1.0800155401229858,20.919984817504883,20.91996955871582,1.4480920071946457E-5,-0.2592037320137024,59.409278869628906
1.890000000000001E-6,-1.0856961011886597,20.914304733276367,20.914289474487305,1.4480914614978246E-5,-0.2605670690536499,59.40441131591797
1.900000000000001E-6,-1.0913761854171753,20.90862464904785,20.90860939025879,1.4480908248515334E-5,-0.26193028688430786,59.39952850341797
1.910000000000001E-6,-1.0970557928085327,20.902944564819336,20.902929306030273,1.4480902791547123E-5,-0.26329338550567627,59.39462661743164
1.920000000000001E-6,-1.1027348041534424,20.89726448059082,20.89725112915039,1.4480897334578913E-5,-0.2646563649177551,59.389705657958984
1.930000000000001E-6,-1.1084134578704834,20.891586303710938,20.891572952270508,1.4480891877610702E-5,-0.2660192549228668,59.384765625
1.940000000000001E-6,-1.1140916347503662,20.885908126831055,20.885894775390625,1.448088551114779E-5,-0.2673819959163666,59.37981033325195
1.950000000000001E-6,-1.1197693347930908,20.880229949951172,20.880216598510742,1.4480880054179579E-5,-0.26874464750289917,59.37483596801758
1.960000000000001E-6,-1.1254465579986572,20.874553680419922,20.87453842163086,1.4480874597211368E-5,-0.2701071798801422,59.369842529296875
1.970000000000001E-6,-1.1311233043670654,20.868877410888672,20.86886215209961,1.4480869140243158E-5,-0.2714695930480957,59.364830017089844
1.980000000000001E-6,-1.1367995738983154,20.863201141357422,20.86318588256836,1.4480862773780245E-5,-0.27283191680908203,59.35980224609375
1.990000000000001E-6,-1.1424753665924072,20.857524871826172,20.85750961303711,1.4480857316812035E-5,-0.2741940915584564,59.35475540161133
2.000000000000001E-6,-1.1481506824493408,20.851848602294922,20.851835250854492,1.4480851859843824E-5,-0.27555617690086365,59.34968948364258
2.010000000000001E-6,-1.1538255214691162,20.846174240112305,20.846160888671875,1.4480846402875613E-5,-0.27691811323165894,59.3446044921875
2.020000000000001E-6,-1.1594998836517334,20.840499877929688,20.840486526489258,1.4480840036412701E-5,-0.27827996015548706,59.33950424194336
2.030000000000001E-6,-1.1651736497879028,20.83482551574707,20.83481216430664,1.448083457944449E-5,-0.27964168787002563,59.334381103515625
2.0400000000000012E-6,-1.1708470582962036,20.829153060913086,20.829137802124023,1.448082912247628E-5,-0.28100329637527466,59.32924270629883
2.050000000000001E-6,-1.1765198707580566,20.8234806060791,20.82346534729004,1.4480823665508069E-5,-0.28236478567123413,59.3240852355957
2.060000000000001E-6,-1.182192325592041,20.817808151245117,20.817792892456055,1.4480818208539858E-5,-0.28372615575790405,59.318912506103516
2.070000000000001E-6,-1.1878641843795776,20.812135696411133,20.81212043762207,1.4480811842076946E-5,-0.2850874066352844,59.313720703125
2.0800000000000013E-6,-1.193535566329956,20.80646514892578,20.80644989013672,1.4480806385108735E-5,-0.28644853830337524,59.30850601196289
2.090000000000001E-6,-1.1992063522338867,20.800792694091797,20.800779342651367,1.4480800928140525E-5,-0.2878095507621765,59.303279876708984
2.100000000000001E-6,-1.2048767805099487,20.795124053955078,20.795108795166016,1.4480795471172314E-5,-0.28917041420936584,59.298030853271484
2.110000000000001E-6,-1.210546612739563,20.789453506469727,20.789438247680664,1.4480789104709402E-5,-0.290531188249588,59.29276657104492
2.1200000000000013E-6,-1.216215968132019,20.783784866333008,20.783769607543945,1.4480783647741191E-5,-0.29189184308052063,59.287479400634766
2.130000000000001E-6,-1.221884846687317,20.778114318847656,20.778100967407227,1.448077819077298E-5,-0.2932523787021637,59.28218078613281
2.140000000000001E-6,-1.2275532484054565,20.77244758605957,20.772432327270508,1.448077273380477E-5,-0.2946127653121948,59.276859283447266
2.150000000000001E-6,-1.2332210540771484,20.76677894592285,20.76676368713379,1.4480766367341857E-5,-0.2959730625152588,59.27151870727539
2.160000000000001E-6,-1.2388883829116821,20.761112213134766,20.761096954345703,1.4480760910373647E-5,-0.2973332107067108,59.26616287231445
2.1700000000000012E-6,-1.2445552349090576,20.75544548034668,20.755430221557617,1.4480755453405436E-5,-0.2986932694911957,59.26078796386719
2.180000000000001E-6,-1.250221610069275,20.749778747558594,20.74976348876953,1.4480749996437225E-5,-0.3000531792640686,59.25539779663086
2.190000000000001E-6,-1.2558873891830444,20.744112014770508,20.744098663330078,1.4480744539469015E-5,-0.301412969827652,59.24998474121094
2.200000000000001E-6,-1.2615526914596558,20.738447189331055,20.738431930541992,1.4480738173006102E-5,-0.3027726411819458,59.24455642700195
2.2100000000000013E-6,-1.2672173976898193,20.7327823638916,20.732769012451172,1.4480732716037892E-5,-0.3041321635246277,59.23910903930664
2.220000000000001E-6,-1.2728816270828247,20.72711753845215,20.72710418701172,1.4480727259069681E-5,-0.3054915964603424,59.233642578125
2.230000000000001E-6,-1.2649041414260864,20.735095977783203,-1.4439265214605257E-5,20.735109329223633,-0.3035770058631897,59.231475830078125
2.240000000000001E-6,-1.2569265365600586,20.743074417114258,-1.4439257029152941E-5,20.743087768554688,-0.3016623556613922,59.22933578491211
2.2500000000000013E-6,-1.2489486932754517,20.75105094909668,-1.4439248843700625E-5,20.751066207885742,-0.29974767565727234,59.22722244262695
2.2600000000000012E-6,-1.2409706115722656,20.759029388427734,-1.4439240658248309E-5,20.759044647216797,-0.2978329360485077,59.225135803222656
2.270000000000001E-6,-1.23299241065979,20.76700782775879,-1.4439233382290695E-5,20.76702117919922,-0.29591816663742065,59.22307205200195
2.280000000000001E-6,-1.2250139713287354,20.774986267089844,-1.4439225196838379E-5,20.774999618530273,-0.29400333762168884,59.22103500366211
2.2900000000000014E-6,-1.2170354127883911,20.7829647064209,-1.4439217011386063E-5,20.78297996520996,-0.29208847880363464,59.219024658203125
2.3000000000000013E-6,-1.2090566158294678,20.790943145751953,-1.4439208825933747E-5,20.790958404541016,-0.29017359018325806,59.217037200927734
2.310000000000001E-6,-1.2010775804519653,20.798921585083008,-1.4439200640481431E-5,20.79893684387207,-0.2882586419582367,59.21508026123047
2.320000000000001E-6,-1.193098545074463,20.806901931762695,-1.4439193364523817E-5,20.806915283203125,-0.28634363412857056,59.2131462097168
2.3300000000000014E-6,-1.1851191520690918,20.81488037109375,-1.4439185179071501E-5,20.814895629882812,-0.28442859649658203,59.211238861083984
2.3400000000000013E-6,-1.1771397590637207,20.822860717773438,-1.4439176993619185E-5,20.822874069213867,-0.2825135290622711,59.209354400634766
2.3500000000000012E-6,-1.1691601276397705,20.830839157104492,-1.4439168808166869E-5,20.830854415893555,-0.2805984318256378,59.20750045776367
2.360000000000001E-6,-1.1611802577972412,20.83881950378418,-1.4439161532209255E-5,20.838834762573242,-0.27868327498435974,59.20566940307617
2.370000000000001E-6,-1.1532002687454224,20.846799850463867,-1.4439153346756939E-5,20.846813201904297,-0.2767680585384369,59.20386505126953
2.3800000000000014E-6,-1.145220160484314,20.854780197143555,-1.4439145161304623E-5,20.854793548583984,-0.27485284209251404,59.202083587646484
2.3900000000000013E-6,-1.137239933013916,20.862760543823242,-1.4439136975852307E-5,20.862773895263672,-0.2729375660419464,59.20033264160156
2.400000000000001E-6,-1.129259467124939,20.87074089050293,-1.4439128790399991E-5,20.87075424194336,-0.2710222601890564,59.198604583740234
2.410000000000001E-6,-1.1212788820266724,20.878721237182617,-1.4439121514442377E-5,20.878734588623047,-0.269106924533844,59.196903228759766
2.4200000000000014E-6,-1.1132980585098267,20.886701583862305,-1.443911332899006E-5,20.886716842651367,-0.2671915292739868,59.195228576660156
2.4300000000000013E-6,-1.105317234992981,20.894681930541992,-1.4439105143537745E-5,20.894697189331055,-0.26527613401412964,59.19357681274414
2.440000000000001E-6,-1.0973361730575562,20.902664184570312,-1.4439096958085429E-5,20.902677536010742,-0.2633606791496277,59.191951751708984
2.450000000000001E-6,-1.0893549919128418,20.91064453125,-1.4439089682127815E-5,20.910659790039062,-0.26144519448280334,59.19035339355469
2.4600000000000014E-6,-1.081373691558838,20.91862678527832,-1.4439081496675499E-5,20.91864013671875,-0.2595296800136566,59.18878173828125
2.4700000000000013E-6,-1.0733921527862549,20.926607131958008,-1.4439073311223183E-5,20.92662239074707,-0.2576141357421875,59.187232971191406
2.4800000000000012E-6,-1.0654106140136719,20.934589385986328,-1.4439065125770867E-5,20.93460464477539,-0.2556985318660736,59.18571090698242
2.490000000000001E-6,-1.0574288368225098,20.94257164001465,-1.4439057849813253E-5,20.942584991455078,-0.2537829279899597,59.1842155456543
2.5000000000000015E-6,-1.0494470596313477,20.95055389404297,-1.4439049664360937E-5,20.9505672454834,-0.25186729431152344,59.18274688720703
2.5100000000000014E-6,-1.0414650440216064,20.958534240722656,-1.443904147890862E-5,20.95854949951172,-0.24995160102844238,59.181304931640625
2.5200000000000013E-6,-1.0334829092025757,20.966516494750977,-1.4439033293456305E-5,20.96653175354004,-0.24803589284420013,59.17988586425781
2.530000000000001E-6,-1.0255006551742554,20.974498748779297,-1.4439025108003989E-5,20.97451400756836,-0.2461201548576355,59.17849349975586
2.5400000000000015E-6,-1.0175182819366455,20.982481002807617,-1.4439017832046375E-5,20.98249626159668,-0.24420438706874847,59.177127838134766
2.5500000000000014E-6,-1.009535789489746,20.990463256835938,-1.4439009646594059E-5,20.990478515625,-0.24228858947753906,59.175785064697266
2.5600000000000013E-6,-1.0015531778335571,20.99844741821289,-1.4439001461141743E-5,20.99846076965332,-0.24037277698516846,59.174468994140625
2.5700000000000012E-6,-0.9935705065727234,21.00642967224121,-1.4438993275689427E-5,21.00644302368164,-0.23845691978931427,59.17318344116211
2.580000000000001E-6,-0.9855876564979553,21.01441192626953,-1.4438985999731813E-5,21.014427185058594,-0.2365410476922989,59.17191696166992
2.5900000000000015E-6,-0.9776047468185425,21.022396087646484,-1.4438977814279497E-5,21.022409439086914,-0.23462513089179993,59.17068099975586
2.6000000000000014E-6,-0.9696217179298401,21.030378341674805,-1.443896962882718E-5,21.030393600463867,-0.23270921409130096,59.16946792602539
2.6100000000000013E-6,-0.9616385698318481,21.038360595703125,-1.4438961443374865E-5,21.038375854492188,-0.23079325258731842,59.16828155517578
2.620000000000001E-6,-0.9536553025245667,21.046344757080078,-1.4438953257922549E-5,21.04636001586914,-0.22887727618217468,59.16712188720703
2.6300000000000015E-6,-0.9456719756126404,21.05432891845703,-1.4438945981964935E-5,21.05434226989746,-0.22696126997470856,59.16598892211914
2.6400000000000014E-6,-0.9376885294914246,21.06231117248535,-1.4438937796512619E-5,21.062326431274414,-0.22504524886608124,59.164878845214844
2.6500000000000013E-6,-0.9297049641609192,21.070295333862305,-1.4438929611060303E-5,21.070308685302734,-0.22312919795513153,59.163795471191406
2.6600000000000012E-6,-0.921721339225769,21.078279495239258,-1.4438921425607987E-5,21.078292846679688,-0.22121311724185944,59.16273880004883
2.6700000000000015E-6,-0.9137376546859741,21.086261749267578,-1.4438914149650373E-5,21.08627700805664,-0.21929703652858734,59.16170883178711
2.6800000000000014E-6,-0.9057538509368896,21.09424591064453,-1.4438905964198057E-5,21.094261169433594,-0.21738091111183167,59.160701751708984
2.6900000000000013E-6,-0.8977699279785156,21.102230072021484,-1.443889777874574E-5,21.102245330810547,-0.215464785695076,59.15972137451172
2.7000000000000013E-6,-0.8897859454154968,21.110214233398438,-1.4438889593293425E-5,21.110227584838867,-0.21354863047599792,59.15876770019531
2.7100000000000016E-6,-0.8818019032478333,21.11819839477539,-1.4438881407841109E-5,21.11821174621582,-0.21163246035575867,59.157840728759766
2.7200000000000015E-6,-0.8738177418708801,21.126182556152344,-1.4438874131883495E-5,21.126195907592773,-0.20971626043319702,59.15693664550781
2.7300000000000014E-6,-0.865833580493927,21.134166717529297,-1.4438865946431179E-5,21.134180068969727,-0.20780006051063538,59.15605926513672
2.7400000000000013E-6,-0.8578492999076843,21.14215087890625,-1.4438857760978863E-5,21.14216423034668,-0.20588383078575134,59.155208587646484
2.7500000000000016E-6,-0.8498649597167969,21.150135040283203,-1.4438849575526547E-5,21.150150299072266,-0.20396758615970612,59.15438461303711
2.7600000000000015E-6,-0.8418805003166199,21.158119201660156,-1.4438842299568933E-5,21.15813446044922,-0.2020513266324997,59.15358352661133
2.7700000000000014E-6,-0.8338960409164429,21.16610336303711,-1.4438834114116617E-5,21.166118621826172,-0.20013505220413208,59.152809143066406
2.7800000000000013E-6,-0.8259114623069763,21.174089431762695,-1.44388259286643E-5,21.174102783203125,-0.19821876287460327,59.152061462402344
2.7900000000000012E-6,-0.8179268836975098,21.18207359313965,-1.4438817743211985E-5,21.182086944580078,-0.19630244374275208,59.15134048461914
2.8000000000000016E-6,-0.8099421858787537,21.1900577545166,-1.4438809557759669E-5,21.190073013305664,-0.19438612461090088,59.15064239501953
2.8100000000000015E-6,-0.8019574880599976,21.198041915893555,-1.4438802281802054E-5,21.198057174682617,-0.1924697905778885,59.14997482299805
2.8200000000000014E-6,-0.7939727306365967,21.20602798461914,-1.4438794096349739E-5,21.20604133605957,-0.1905534565448761,59.149330139160156
2.8300000000000013E-6,-0.785987913608551,21.214012145996094,-1.4438785910897423E-5,21.214027404785156,-0.18863709270954132,59.14870834350586
2.8400000000000016E-6,-0.7780030369758606,21.221996307373047,-1.4438777725445107E-5,21.22201156616211,-0.18672072887420654,59.14811706542969
2.8500000000000015E-6,-0.7700181007385254,21.229982376098633,-1.4438770449487492E-5,21.229995727539062,-0.18480435013771057,59.14754867553711
2.8600000000000014E-6,-0.7620331048965454,21.237966537475586,-1.4438762264035176E-5,21.23798179626465,-0.1828879565000534,59.14700698852539
2.8700000000000013E-6,-0.7540481090545654,21.245952606201172,-1.443875407858286E-5,21.2459659576416,-0.18097154796123505,59.14649200439453
2.8800000000000016E-6,-0.7460630536079407,21.253936767578125,-1.4438745893130545E-5,21.253952026367188,-0.1790551394224167,59.145999908447266
2.8900000000000016E-6,-0.7380779981613159,21.26192283630371,-1.4438737707678229E-5,21.26193618774414,-0.17713871598243713,59.14553451538086
2.9000000000000015E-6,-0.7300928831100464,21.269906997680664,-1.4438730431720614E-5,21.269922256469727,-0.17522229254245758,59.14509582519531
2.9100000000000014E-6,-0.7221077680587769,21.27789306640625,-1.4438722246268298E-5,21.27790641784668,-0.17330585420131683,59.144683837890625
2.9200000000000017E-6,-0.7141225934028625,21.285877227783203,-1.4438714060815983E-5,21.285892486572266,-0.1713894158601761,59.1442985534668
2.9300000000000016E-6,-0.7061373591423035,21.29386329650879,-1.4438705875363667E-5,21.29387664794922,-0.16947296261787415,59.14393615722656
2.9400000000000015E-6,-0.6981521248817444,21.301847457885742,-1.443869768991135E-5,21.301862716674805,-0.1675565093755722,59.14360046386719
2.9500000000000014E-6,-0.6901668906211853,21.309833526611328,-1.4438690413953736E-5,21.309846878051758,-0.16564005613327026,59.14329147338867
2.9600000000000017E-6,-0.6821816563606262,21.31781768798828,-1.443868222850142E-5,21.317832946777344,-0.16372358798980713,59.14300537109375
2.9700000000000016E-6,-0.6741963624954224,21.325803756713867,-1.4438674043049105E-5,21.325817108154297,-0.161807119846344,59.14274597167969
2.9800000000000015E-6,-0.6662110686302185,21.333789825439453,-1.4438665857596789E-5,21.333803176879883,-0.15989065170288086,59.142513275146484
2.9900000000000014E-6,-0.6582257747650146,21.341773986816406,-1.4438658581639174E-5,21.34178924560547,-0.15797418355941772,59.14230728149414
3.0000000000000013E-6,-0.650240421295166,21.349760055541992,-1.4438650396186858E-5,21.349773406982422,-0.1560577005147934,59.142127990722656
3.0100000000000017E-6,-0.6422551274299622,21.357744216918945,-1.4438642210734542E-5,21.357759475708008,-0.15414121747016907,59.141971588134766
3.0200000000000016E-6,-0.6342697739601135,21.36573028564453,-1.4438634025282227E-5,21.365745544433594,-0.15222474932670593,59.141841888427734
3.0300000000000015E-6,-0.6262844204902649,21.373716354370117,-1.443862583982991E-5,21.373729705810547,-0.1503082662820816,59.14173889160156
3.0400000000000014E-6,-0.618299126625061,21.38170051574707,-1.4438618563872296E-5,21.381715774536133,-0.14839178323745728,59.141658782958984
3.0500000000000017E-6,-0.6103137731552124,21.389686584472656,-1.443861037841998E-5,21.389699935913086,-0.14647530019283295,59.14160919189453
3.0600000000000016E-6,-0.6023284792900085,21.39767074584961,-1.4438602192967664E-5,21.397686004638672,-0.1445588320493698,59.14158248901367
3.0700000000000015E-6,-0.5943431258201599,21.405656814575195,-1.4438594007515348E-5,21.405672073364258,-0.14264234900474548,59.14158248901367
3.0800000000000014E-6,-0.586357831954956,21.41364288330078,-1.4438586731557734E-5,21.41365623474121,-0.14072588086128235,59.141605377197266
3.0900000000000018E-6,-0.5783725380897522,21.421627044677734,-1.4438578546105418E-5,21.421642303466797,-0.1388094127178192,59.14165496826172
3.1000000000000017E-6,-0.5703872442245483,21.42961311340332,-1.4438570360653102E-5,21.42962646484375,-0.13689294457435608,59.14173126220703
3.1100000000000016E-6,-0.5624020099639893,21.437597274780273,-1.4438562175200786E-5,21.437612533569336,-0.13497647643089294,59.1418342590332
3.1200000000000015E-6,-0.5544167757034302,21.44558334350586,-1.443855398974847E-5,21.44559669494629,-0.133060023188591,59.141963958740234
3.130000000000002E-6,-0.5464315414428711,21.453569412231445,-1.4438546713790856E-5,21.453582763671875,-0.13114356994628906,59.14211654663086
3.1400000000000017E-6,-0.538446307182312,21.4615535736084,-1.443853852833854E-5,21.46156883239746,-0.12922711670398712,59.142295837402344
3.1500000000000016E-6,-0.5304611325263977,21.469539642333984,-1.4438530342886224E-5,21.469552993774414,-0.12731067836284637,59.14250183105469
3.1600000000000015E-6,-0.5224760174751282,21.477523803710938,-1.4438522157433908E-5,21.4775390625,-0.12539424002170563,59.14273452758789
3.170000000000002E-6,-0.5144909024238586,21.485509872436523,-1.4438514881476294E-5,21.485523223876953,-0.12347781658172607,59.14299011230469
3.1800000000000017E-6,-0.5065058469772339,21.493494033813477,-1.4438506696023978E-5,21.49350929260254,-0.12156140059232712,59.143272399902344
3.1900000000000016E-6,-0.49852079153060913,21.501480102539062,-1.4438498510571662E-5,21.501493453979492,-0.11964499205350876,59.14358139038086
3.2000000000000015E-6,-0.49053579568862915,21.509464263916016,-1.4438490325119346E-5,21.509479522705078,-0.117728590965271,59.14391326904297
3.2100000000000015E-6,-0.48255082964897156,21.51744842529297,-1.443848213966703E-5,21.51746368408203,-0.11581220477819443,59.1442756652832
3.2200000000000018E-6,-0.47456592321395874,21.525434494018555,-1.4438474863709416E-5,21.525447845458984,-0.11389581859111786,59.14466094970703
3.2300000000000017E-6,-0.4665810465812683,21.533418655395508,-1.44384666782571E-5,21.53343391418457,-0.11197945475578308,59.14507293701172
3.2400000000000016E-6,-0.45859622955322266,21.54140281677246,-1.4438458492804784E-5,21.541418075561523,-0.1100630983710289,59.1455078125
3.2500000000000015E-6,-0.4506114721298218,21.549388885498047,-1.4438450307352468E-5,21.549402236938477,-0.10814674943685532,59.14596939086914
3.260000000000002E-6,-0.4426267445087433,21.557373046875,-1.4438443031394854E-5,21.557388305664062,-0.10623042285442352,59.14645767211914
3.2700000000000017E-6,-0.43464210629463196,21.565357208251953,-1.4438434845942538E-5,21.565372467041016,-0.10431410372257233,59.14697265625
3.2800000000000016E-6,-0.426657497882843,21.57334327697754,-1.4438426660490222E-5,21.57335662841797,-0.10239779949188232,59.14751434326172
3.2900000000000015E-6,-0.41867294907569885,21.581327438354492,-1.4438418475037906E-5,21.581340789794922,-0.10048151016235352,59.14807891845703
3.300000000000002E-6,-0.41068848967552185,21.589311599731445,-1.443841028958559E-5,21.589324951171875,-0.0985652357339859,59.1486701965332
3.3100000000000018E-6,-0.4027040898799896,21.5972957611084,-1.4438403013627976E-5,21.59731101989746,-0.09664897620677948,59.149288177490234
3.3200000000000017E-6,-0.3947197496891022,21.60527992248535,-1.443839482817566E-5,21.605295181274414,-0.09473273903131485,59.149932861328125
3.3300000000000016E-6,-0.3867354691028595,21.613264083862305,-1.4438386642723344E-5,21.613279342651367,-0.09281650930643082,59.15060043334961
3.340000000000002E-6,-0.378751277923584,21.621248245239258,-1.4438378457271028E-5,21.62126350402832,-0.09090030193328857,59.15129470825195
3.350000000000002E-6,-0.37076714634895325,21.62923240661621,-1.4438371181313414E-5,21.629247665405273,-0.08898411691188812,59.152015686035156
3.3600000000000017E-6,-0.3627831041812897,21.637216567993164,-1.4438362995861098E-5,21.637231826782227,-0.08706794679164886,59.15275955200195
3.3700000000000016E-6,-0.35479915142059326,21.645200729370117,-1.4438354810408782E-5,21.64521598815918,-0.0851517915725708,59.15353012084961
3.380000000000002E-6,-0.3468152582645416,21.65318489074707,-1.4438346624956466E-5,21.6531982421875,-0.08323565870523453,59.154327392578125
3.390000000000002E-6,-0.33883145451545715,21.661169052124023,-1.443833843950415E-5,21.661182403564453,-0.08131954818964005,59.1551513671875
3.4000000000000018E-6,-0.33084774017333984,21.669151306152344,-1.4438331163546536E-5,21.669166564941406,-0.07940346002578735,59.156002044677734
3.4100000000000017E-6,-0.3228641450405121,21.677135467529297,-1.443832297809422E-5,21.67715072631836,-0.07748739421367645,59.15687561035156
3.4200000000000016E-6,-0.3148806095123291,21.68511962890625,-1.4438314792641904E-5,21.68513298034668,-0.07557134330272675,59.15777587890625
3.430000000000002E-6,-0.30689719319343567,21.69310188293457,-1.4438306607189588E-5,21.693117141723633,-0.07365532219409943,59.1587028503418
3.440000000000002E-6,-0.298913836479187,21.701086044311523,-1.4438299331231974E-5,21.701101303100586,-0.0717393234372139,59.15965270996094
3.4500000000000017E-6,-0.2909305989742279,21.709070205688477,-1.4438291145779658E-5,21.709083557128906,-0.06982334703207016,59.1606330871582
3.4600000000000016E-6,-0.28294748067855835,21.717052459716797,-1.4438282960327342E-5,21.71706771850586,-0.06790739297866821,59.16163635253906
3.470000000000002E-6,-0.27496445178985596,21.725034713745117,-1.4438274774875026E-5,21.72504997253418,-0.06599146872758865,59.162662506103516
3.480000000000002E-6,-0.2669815421104431,21.73301887512207,-1.443826658942271E-5,21.7330322265625,-0.06407556682825089,59.163719177246094
3.4900000000000017E-6,-0.25899872183799744,21.74100112915039,-1.4438259313465096E-5,21.741016387939453,-0.062159694731235504,59.164798736572266
3.5000000000000016E-6,-0.2510160207748413,21.74898338317871,-1.443825112801278E-5,21.748998641967773,-0.060243844985961914,59.1659049987793
3.510000000000002E-6,-0.24303343892097473,21.75696563720703,-1.4438242942560464E-5,21.756980895996094,-0.05832802504301071,59.16703796386719
3.520000000000002E-6,-0.2350509762763977,21.764949798583984,-1.4438234757108148E-5,21.764963150024414,-0.0564122349023819,59.16819381713867
3.5300000000000018E-6,-0.22706861793994904,21.772932052612305,-1.4438227481150534E-5,21.772945404052734,-0.05449647083878517,59.169376373291016
3.5400000000000017E-6,-0.2190863937139511,21.780914306640625,-1.4438219295698218E-5,21.780927658081055,-0.052580736577510834,59.17058563232422
3.550000000000002E-6,-0.21110428869724274,21.788896560668945,-1.4438211110245902E-5,21.788909912109375,-0.050665032118558884,59.17182159423828
3.560000000000002E-6,-0.2031223177909851,21.796876907348633,-1.4438202924793586E-5,21.796892166137695,-0.04874935746192932,59.17308044433594
3.570000000000002E-6,-0.19514046609401703,21.804859161376953,-1.443819473934127E-5,21.804874420166016,-0.04683371260762215,59.17436599731445
3.5800000000000017E-6,-0.1871587485074997,21.812841415405273,-1.4438187463383656E-5,21.812854766845703,-0.04491810128092766,59.17567825317383
3.590000000000002E-6,-0.1791771650314331,21.820823669433594,-1.443817927793134E-5,21.820837020874023,-0.04300251975655556,59.17701721191406
3.600000000000002E-6,-0.17119573056697845,21.82880401611328,-1.4438171092479024E-5,21.828819274902344,-0.04108697548508644,59.17837905883789
3.610000000000002E-6,-0.16321441531181335,21.8367862701416,-1.4438162907026708E-5,21.83679962158203,-0.03917146101593971,59.179771423339844
3.6200000000000018E-6,-0.1552332490682602,21.84476661682129,-1.4438155631069094E-5,21.84478187561035,-0.03725598007440567,59.181182861328125
3.6300000000000017E-6,-0.14725223183631897,21.852746963500977,-1.4438147445616778E-5,21.85276222229004,-0.035340532660484314,59.18262481689453
3.640000000000002E-6,-0.1392713487148285,21.860729217529297,-1.4438139260164462E-5,21.860742568969727,-0.03342512249946594,59.18408966064453
3.650000000000002E-6,-0.13129061460494995,21.868709564208984,-1.4438131074712146E-5,21.868722915649414,-0.031509749591350555,59.18558120727539
3.660000000000002E-6,-0.12331004440784454,21.876689910888672,-1.443812288925983E-5,21.876705169677734,-0.029594410210847855,59.18709945678711
3.6700000000000017E-6,-0.11532961577177048,21.88467025756836,-1.4438115613302216E-5,21.884685516357422,-0.02767910808324814,59.18864440917969
3.680000000000002E-6,-0.10734934359788895,21.892650604248047,-1.44381074278499E-5,21.89266586303711,-0.025763843208551407,59.19021224975586
3.690000000000002E-6,-0.09936923533678055,21.900630950927734,-1.4438099242397584E-5,21.900644302368164,-0.02384861558675766,59.19180679321289
3.700000000000002E-6,-0.09138928353786469,21.908611297607422,-1.4438091056945268E-5,21.90862464904785,-0.021933427080512047,59.19342803955078
3.7100000000000017E-6,-0.08340949565172195,21.916589736938477,-1.4438083780987654E-5,21.91660499572754,-0.020018277689814568,59.195072174072266
3.720000000000002E-6,-0.07542987167835236,21.924570083618164,-1.4438075595535338E-5,21.924585342407227,-0.01810316927731037,59.196746826171875
3.730000000000002E-6,-0.06745041161775589,21.93255043029785,-1.4438067410083022E-5,21.93256378173828,-0.01618809998035431,59.19844436645508
3.740000000000002E-6,-0.05947113037109375,21.940528869628906,-1.4438059224630706E-5,21.94054412841797,-0.014273070730268955,59.200164794921875
3.750000000000002E-6,-0.05149201676249504,21.94850730895996,-1.443805103917839E-5,21.948522567749023,-0.012358083389699459,59.2019157409668
3.760000000000002E-6,-0.04351307824254036,21.95648765563965,-1.4438043763220776E-5,21.956501007080078,-0.010443138889968395,59.20368957519531
3.770000000000002E-6,-0.035534318536520004,21.964466094970703,-1.443803557776846E-5,21.964479446411133,-0.008528236299753189,59.20549011230469
3.780000000000002E-6,-0.027555735781788826,21.972444534301758,-1.4438027392316144E-5,21.972457885742188,-0.006613376550376415,59.20731735229492
3.790000000000002E-6,-0.01957733742892742,21.980422973632812,-1.4438019206863828E-5,21.980436325073242,-0.004698561038821936,59.20916748046875
3.800000000000002E-6,-0.011599122546613216,21.988401412963867,-1.4438011930906214E-5,21.988414764404297,-0.0027837895322591066,59.21104431152344
3.810000000000002E-6,-0.00362109555862844,21.996379852294922,-1.4438003745453898E-5,21.99639320373535,-8.690629038028419E-4,59.212947845458984
3.820000000000002E-6,0.00435674237087369,22.004356384277344,-1.4437995560001582E-5,22.004371643066406,0.0010456180898472667,59.21487808227539
3.830000000000002E-6,0.012334387749433517,22.0123348236084,-1.4437987374549266E-5,22.012348175048828,0.0029602530412375927,59.21683120727539
3.840000000000002E-6,0.020311839878559113,22.02031135559082,-1.4437980098591652E-5,22.020326614379883,0.004874841310083866,59.21881103515625
3.850000000000002E-6,0.02828909456729889,22.028289794921875,-1.4437971913139336E-5,22.028303146362305,0.0067893825471401215,59.22081756591797
3.860000000000002E-6,0.03626614809036255,22.036266326904297,-1.443796372768702E-5,22.036279678344727,0.008703876286745071,59.22284698486328
3.870000000000002E-6,0.04424300417304039,22.04424285888672,-1.4437955542234704E-5,22.04425811767578,0.010618320666253567,59.22490692138672
3.880000000000002E-6,0.052219655364751816,22.05221939086914,-1.4437947356782388E-5,22.052234649658203,0.012532716616988182,59.22698974609375
3.890000000000002E-6,0.06019609794020653,22.060195922851562,-1.4437940080824774E-5,22.060211181640625,0.014447063207626343,59.229095458984375
3.900000000000002E-6,0.06817232817411423,22.068172454833984,-1.4437931895372458E-5,22.068185806274414,0.016361359506845474,59.231231689453125
3.910000000000002E-6,0.07614835351705551,22.076148986816406,-1.4437923709920142E-5,22.076162338256836,0.018275605514645576,59.23339080810547
3.920000000000002E-6,0.08412416279315948,22.084123611450195,-1.4437915524467826E-5,22.084138870239258,0.0201897993683815,59.23557662963867
3.930000000000002E-6,0.09209975600242615,22.092100143432617,-1.4437908248510212E-5,22.092113494873047,0.022103941068053246,59.237789154052734
3.940000000000002E-6,0.1000751331448555,22.100074768066406,-1.4437900063057896E-5,22.10009002685547,0.02401803247630596,59.24002456665039
3.950000000000002E-6,0.10805028676986694,22.108049392700195,-1.443789187760558E-5,22.108064651489258,0.0259320680052042,59.242286682128906
3.960000000000002E-6,0.11602521687746048,22.116025924682617,-1.4437883692153264E-5,22.116039276123047,0.02784605138003826,59.24457550048828
3.970000000000002E-6,0.12399992346763611,22.124000549316406,-1.443787641619565E-5,22.124013900756836,0.029759980738162994,59.246891021728516
3.980000000000002E-6,0.13197439908981323,22.131975173950195,-1.4437868230743334E-5,22.131988525390625,0.0316738560795784,59.249229431152344
3.9900000000000025E-6,0.13994865119457245,22.13994789123535,-1.4437860045291018E-5,22.139963150024414,0.03358767554163933,59.25159454345703
4.000000000000002E-6,0.14792266488075256,22.14792251586914,-1.4437851859838702E-5,22.147937774658203,0.03550143912434578,59.25398635864258
4.010000000000002E-6,0.15589644014835358,22.15589714050293,-1.4437843674386386E-5,22.15591049194336,0.037415143102407455,59.25640106201172
4.020000000000002E-6,0.1638699769973755,22.163869857788086,-1.4437836398428772E-5,22.16388511657715,0.03932879492640495,59.25884246826172
4.030000000000002E-6,0.1718432754278183,22.171842575073242,-1.4437828212976456E-5,22.171857833862305,0.041242387145757675,59.26131057739258
4.040000000000002E-6,0.179816335439682,22.17981719970703,-1.443782002752414E-5,22.17983055114746,0.04315591976046562,59.2638053894043
4.050000000000002E-6,0.18778914213180542,22.187789916992188,-1.4437811842071824E-5,22.187803268432617,0.04506939277052879,59.26632308959961
4.060000000000002E-6,0.19576171040534973,22.195762634277344,-1.443780456611421E-5,22.195775985717773,0.04698280990123749,59.26887130737305
4.070000000000002E-6,0.20373401045799255,22.203733444213867,-1.4437796380661894E-5,22.20374870300293,0.04889616370201111,59.27143859863281
4.0800000000000024E-6,0.21170607209205627,22.211706161499023,-1.4437788195209578E-5,22.211719512939453,0.050809457898139954,59.2740364074707
4.090000000000002E-6,0.2196778804063797,22.219676971435547,-1.4437780009757262E-5,22.21969223022461,0.05272269248962402,59.27665710449219
4.100000000000002E-6,0.22764943540096283,22.227649688720703,-1.4437772733799648E-5,22.227663040161133,0.05463586375117302,59.27930450439453
4.110000000000002E-6,0.23562072217464447,22.235620498657227,-1.4437764548347332E-5,22.23563575744629,0.05654897168278694,59.281978607177734
4.120000000000002E-6,0.24359175562858582,22.24359130859375,-1.4437756362895016E-5,22.243606567382812,0.05846202000975609,59.2846794128418
4.130000000000002E-6,0.2515625059604645,22.251562118530273,-1.44377481774427E-5,22.251577377319336,0.06037500128149986,59.28740310668945
4.140000000000002E-6,0.25953301787376404,22.259532928466797,-1.4437740901485085E-5,22.25954818725586,0.06228792294859886,59.29015350341797
4.150000000000002E-6,0.2675032317638397,22.26750373840332,-1.443773271603277E-5,22.26751708984375,0.06420077383518219,59.29292678833008
4.1600000000000025E-6,0.2754731774330139,22.27547264099121,-1.4437724530580454E-5,22.275487899780273,0.06611356139183044,59.29573059082031
4.1700000000000024E-6,0.2834428548812866,22.283443450927734,-1.4437716345128138E-5,22.283456802368164,0.06802628934383392,59.29855728149414
4.180000000000002E-6,0.29141226410865784,22.291412353515625,-1.4437708159675822E-5,22.291425704956055,0.06993894279003143,59.30141067504883
4.190000000000002E-6,0.29938140511512756,22.299381256103516,-1.4437700883718207E-5,22.299396514892578,0.07185153663158417,59.30428695678711
4.200000000000002E-6,0.3073502480983734,22.307350158691406,-1.4437692698265892E-5,22.30736541748047,0.07376405596733093,59.307193756103516
4.210000000000002E-6,0.3153187930583954,22.315319061279297,-1.4437684512813576E-5,22.315332412719727,0.07567650824785233,59.31011962890625
4.220000000000002E-6,0.32328706979751587,22.323287963867188,-1.443767632736126E-5,22.323301315307617,0.07758889347314835,59.31307601928711
4.230000000000002E-6,0.3312550485134125,22.331254959106445,-1.4437669051403645E-5,22.331270217895508,0.079501211643219,59.31605911254883
4.240000000000003E-6,0.3392227590084076,22.339221954345703,-1.443766086595133E-5,22.339237213134766,0.08141346275806427,59.31906509399414
4.2500000000000025E-6,0.34719014167785645,22.347190856933594,-1.4437652680499014E-5,22.347204208374023,0.08332563191652298,59.32209777832031
4.260000000000002E-6,0.3551572561264038,22.35515785217285,-1.4437644495046698E-5,22.35517120361328,0.08523774147033691,59.32515335083008
4.270000000000002E-6,0.3631240427494049,22.36312484741211,-1.4437637219089083E-5,22.36313819885254,0.08714977651834488,59.3282356262207
4.280000000000002E-6,0.3710905611515045,22.371089935302734,-1.4437629033636767E-5,22.371105194091797,0.08906173706054688,59.33134460449219
4.290000000000002E-6,0.37905675172805786,22.379056930541992,-1.4437620848184451E-5,22.379070281982422,0.0909736230969429,59.33448028564453
4.300000000000002E-6,0.38702264428138733,22.387022018432617,-1.4437612662732136E-5,22.38703727722168,0.09288543462753296,59.337642669677734
4.310000000000002E-6,0.3949882388114929,22.394989013671875,-1.4437605386774521E-5,22.395002365112305,0.09479717910289764,59.34082794189453
4.320000000000002E-6,0.40295350551605225,22.4029541015625,-1.4437597201322205E-5,22.40296745300293,0.09670884162187576,59.34403991699219
4.330000000000003E-6,0.4109184741973877,22.410919189453125,-1.443758901586989E-5,22.410932540893555,0.09862043708562851,59.34727478027344
4.3400000000000025E-6,0.4188831150531769,22.418882369995117,-1.4437580830417573E-5,22.41889762878418,0.10053195059299469,59.35054016113281
4.350000000000002E-6,0.4268474578857422,22.426847457885742,-1.443757355445996E-5,22.426862716674805,0.1024433895945549,59.35382843017578
4.360000000000002E-6,0.43481147289276123,22.434810638427734,-1.4437565369007643E-5,22.434825897216797,0.10435475409030914,59.357139587402344
4.370000000000002E-6,0.442775160074234,22.44277572631836,-1.4437557183555327E-5,22.44278907775879,0.10626603662967682,59.36048126220703
4.380000000000002E-6,0.4507385194301605,22.45073890686035,-1.4437548998103011E-5,22.45075225830078,0.10817724466323853,59.36384582519531
4.390000000000002E-6,0.45870155096054077,22.458702087402344,-1.4437541722145397E-5,22.458715438842773,0.11008837074041367,59.36723709106445
4.400000000000002E-6,0.46666425466537476,22.466663360595703,-1.4437533536693081E-5,22.466678619384766,0.11199942231178284,59.37065124511719
4.410000000000003E-6,0.4746266305446625,22.474626541137695,-1.4437525351240765E-5,22.474641799926758,0.11391039192676544,59.37409591674805
4.4200000000000026E-6,0.48258867859840393,22.482587814331055,-1.443751716578845E-5,22.482603073120117,0.11582127958536148,59.3775634765625
4.4300000000000025E-6,0.49055036902427673,22.490550994873047,-1.4437509889830835E-5,22.490564346313477,0.11773209273815155,59.38105773925781
4.440000000000002E-6,0.49851173162460327,22.498512268066406,-1.443750170437852E-5,22.498525619506836,0.11964281648397446,59.38457489013672
4.450000000000002E-6,0.5064727663993835,22.506473541259766,-1.4437493518926203E-5,22.506486892700195,0.1215534657239914,59.388118743896484
4.460000000000002E-6,0.5144334435462952,22.514432907104492,-1.4437485333473887E-5,22.514448165893555,0.12346402555704117,59.39168930053711
4.470000000000002E-6,0.5223937630653381,22.52239418029785,-1.4437477148021571E-5,22.52240753173828,0.12537449598312378,59.395286560058594
4.480000000000002E-6,0.5303537249565125,22.530353546142578,-1.4437469872063957E-5,22.53036880493164,0.12728489935398102,59.39890670776367
4.490000000000002E-6,0.5383133888244629,22.538312911987305,-1.4437461686611641E-5,22.538328170776367,0.1291952133178711,59.40255355834961
4.500000000000003E-6,0.5462726354598999,22.54627227783203,-1.4437453501159325E-5,22.546287536621094,0.131105437874794,59.406227111816406
4.5100000000000026E-6,0.554231584072113,22.554231643676758,-1.443744531570701E-5,22.554244995117188,0.13301557302474976,59.4099235534668
4.5200000000000025E-6,0.5621901154518127,22.562191009521484,-1.4437438039749395E-5,22.562204360961914,0.13492563366889954,59.41364669799805
4.530000000000002E-6,0.5701483488082886,22.570148468017578,-1.4437429854297079E-5,22.570161819458008,0.13683560490608215,59.417396545410156
4.540000000000002E-6,0.578106164932251,22.578105926513672,-1.4437421668844763E-5,22.578121185302734,0.1387454718351364,59.42116928100586
4.550000000000002E-6,0.5860636234283447,22.586063385009766,-1.4437413483392447E-5,22.586078643798828,0.1406552642583847,59.42497253417969
4.560000000000002E-6,0.5940207242965698,22.59402084350586,-1.4437406207434833E-5,22.59403419494629,0.14256496727466583,59.42879867553711
4.570000000000002E-6,0.6019774675369263,22.601978302001953,-1.4437398021982517E-5,22.601991653442383,0.144474595785141,59.432647705078125
4.580000000000003E-6,0.6099337935447693,22.609933853149414,-1.4437389836530201E-5,22.609949111938477,0.1463841199874878,59.436527252197266
4.590000000000003E-6,0.6178898215293884,22.617889404296875,-1.4437381651077885E-5,22.617904663085938,0.14829355478286743,59.4404296875
4.6000000000000025E-6,0.6258453726768494,22.625844955444336,-1.4437374375120271E-5,22.6258602142334,0.1502029001712799,59.44435501098633
4.6100000000000024E-6,0.6338006258010864,22.633800506591797,-1.4437366189667955E-5,22.63381576538086,0.15211214125156403,59.44831085205078
4.620000000000002E-6,0.6417554616928101,22.641756057739258,-1.4437358004215639E-5,22.641769409179688,0.15402130782604218,59.45228958129883
4.630000000000002E-6,0.649709939956665,22.649709701538086,-1.4437350728258025E-5,22.64972496032715,0.15593038499355316,59.456295013427734
4.640000000000002E-6,0.6576640009880066,22.657663345336914,-1.4437342542805709E-5,22.657678604125977,0.1578393578529358,59.460323333740234
4.650000000000002E-6,0.6656176447868347,22.665616989135742,-1.4437334357353393E-5,22.665632247924805,0.15974824130535126,59.46438217163086
4.660000000000003E-6,0.6735709309577942,22.67357063293457,-1.4437326171901077E-5,22.673585891723633,0.16165702044963837,59.46846389770508
4.670000000000003E-6,0.6815237998962402,22.6815242767334,-1.4437318895943463E-5,22.681537628173828,0.1635657101869583,59.47256851196289
4.680000000000003E-6,0.6894763112068176,22.689476013183594,-1.4437310710491147E-5,22.689491271972656,0.1654743105173111,59.47670364379883
4.6900000000000025E-6,0.6974284052848816,22.69742774963379,-1.4437302525038831E-5,22.69744300842285,0.16738282144069672,59.48086166381836
4.7000000000000024E-6,0.7053800821304321,22.705379486083984,-1.4437294339586515E-5,22.705394744873047,0.16929122805595398,59.485042572021484
4.710000000000002E-6,0.713331401348114,22.71333122253418,-1.44372870636289E-5,22.713346481323242,0.17119953036308289,59.489253997802734
4.720000000000002E-6,0.7212822437286377,22.721282958984375,-1.4437278878176585E-5,22.721296310424805,0.17310774326324463,59.49348831176758
4.730000000000002E-6,0.7292327284812927,22.729232788085938,-1.4437270692724269E-5,22.729248046875,0.17501585185527802,59.49774932861328
4.740000000000002E-6,0.7371827960014343,22.7371826171875,-1.4437262507271953E-5,22.737197875976562,0.17692387104034424,59.502037048339844
4.750000000000003E-6,0.7451324462890625,22.745132446289062,-1.4437255231314339E-5,22.745147705078125,0.1788317859172821,59.50634765625
4.760000000000003E-6,0.7530816197395325,22.753082275390625,-1.4437247045862023E-5,22.753095626831055,0.1807395964860916,59.510684967041016
4.770000000000003E-6,0.7610304355621338,22.761030197143555,-1.4437238860409707E-5,22.761045455932617,0.18264730274677277,59.515045166015625
4.7800000000000025E-6,0.7689788341522217,22.768978118896484,-1.4437230674957391E-5,22.768993377685547,0.18455491960048676,59.51943588256836
4.790000000000002E-6,0.7769268155097961,22.776926040649414,-1.4437223398999777E-5,22.776941299438477,0.1864624321460724,59.52384948730469
4.800000000000002E-6,0.7848743200302124,22.784873962402344,-1.443721521354746E-5,22.784889221191406,0.18836984038352966,59.52828598022461
4.810000000000002E-6,0.7928214073181152,22.792821884155273,-1.4437207028095145E-5,22.792835235595703,0.19027714431285858,59.532752990722656
4.820000000000002E-6,0.8007681369781494,22.80076789855957,-1.4437198842642829E-5,22.800783157348633,0.19218434393405914,59.5372428894043
4.830000000000003E-6,0.8087143301963806,22.808713912963867,-1.4437191566685215E-5,22.80872917175293,0.19409143924713135,59.5417594909668
4.840000000000003E-6,0.8166601657867432,22.816659927368164,-1.4437183381232899E-5,22.816675186157227,0.1959984302520752,59.54629898071289
4.850000000000003E-6,0.8246055245399475,22.82460594177246,-1.4437175195780583E-5,22.82461929321289,0.19790533185005188,59.550865173339844
4.860000000000003E-6,0.8325504660606384,22.832550048828125,-1.4437167010328267E-5,22.832565307617188,0.199812114238739,59.555458068847656
4.8700000000000025E-6,0.8404949307441711,22.84049415588379,-1.4437159734370653E-5,22.84050941467285,0.2017187774181366,59.56007766723633
4.880000000000002E-6,0.8484389781951904,22.848438262939453,-1.4437151548918337E-5,22.848453521728516,0.20362535119056702,59.564720153808594
4.890000000000002E-6,0.8563825488090515,22.856382369995117,-1.443714336346602E-5,22.85639762878418,0.20553182065486908,59.56938934326172
4.900000000000002E-6,0.8643257021903992,22.86432647705078,-1.4437136087508406E-5,22.86433982849121,0.2074381709098816,59.5740852355957
4.910000000000002E-6,0.8722683787345886,22.872268676757812,-1.443712790205609E-5,22.872282028198242,0.20934441685676575,59.57880401611328
4.920000000000003E-6,0.8802106380462646,22.880210876464844,-1.4437119716603775E-5,22.880224227905273,0.21125054359436035,59.58354949951172
4.930000000000003E-6,0.8881523609161377,22.888153076171875,-1.4437111531151459E-5,22.888166427612305,0.2131565660238266,59.588321685791016
4.940000000000003E-6,0.8960937261581421,22.896093368530273,-1.4437104255193844E-5,22.896108627319336,0.2150624841451645,59.593116760253906
4.950000000000003E-6,0.9040345549583435,22.904033660888672,-1.4437096069741528E-5,22.904048919677734,0.21696829795837402,59.597938537597656
4.9600000000000025E-6,0.9119749665260315,22.911975860595703,-1.4437087884289213E-5,22.911989212036133,0.218873992562294,59.602787017822266
4.970000000000002E-6,0.9199148416519165,22.91991424560547,-1.4437079698836897E-5,22.91992950439453,0.22077956795692444,59.60765838623047
4.980000000000002E-6,0.9278542995452881,22.927854537963867,-1.4437072422879282E-5,22.927867889404297,0.2226850390434265,59.6125602722168
4.990000000000002E-6,0.9357932806015015,22.935792922973633,-1.4437064237426966E-5,22.935808181762695,0.22459039092063904,59.61748123168945
5.000000000000003E-6,0.9437317848205566,22.9437313079834,-1.443705605197465E-5,22.94374656677246,0.226495623588562,59.622432708740234
5.010000000000003E-6,0.9380286335945129,22.93802833557129,22.93801498413086,1.4482938240689691E-5,0.22512687742710114,59.624088287353516
5.020000000000003E-6,0.9323253035545349,22.93232536315918,22.932310104370117,1.4482931874226779E-5,0.22375807166099548,59.625728607177734
5.030000000000003E-6,0.9266218543052673,22.92662239074707,22.926607131958008,1.4482926417258568E-5,0.22238925099372864,59.627349853515625
5.0400000000000026E-6,0.9209182858467102,22.920917510986328,22.9209041595459,1.4482920960290357E-5,0.2210203856229782,59.62895202636719
5.0500000000000025E-6,0.9152145385742188,22.91521453857422,22.915199279785156,1.4482915503322147E-5,0.2196514904499054,59.63053512573242
5.060000000000002E-6,0.909510612487793,22.90951156616211,22.909496307373047,1.4482909136859234E-5,0.218282550573349,59.63209915161133
5.070000000000002E-6,0.9038066267967224,22.903806686401367,22.903791427612305,1.4482903679891024E-5,0.21691358089447021,59.633644104003906
5.080000000000003E-6,0.8981024622917175,22.898101806640625,22.898088455200195,1.4482898222922813E-5,0.21554458141326904,59.63517379760742
5.090000000000003E-6,0.8923981189727783,22.892398834228516,22.892383575439453,1.4482892765954603E-5,0.21417555212974548,59.63668441772461
5.100000000000003E-6,0.8866937160491943,22.886693954467773,22.88667869567871,1.448288639949169E-5,0.21280649304389954,59.63817596435547
5.110000000000003E-6,0.880989134311676,22.88098907470703,22.88097381591797,1.448288094252348E-5,0.21143738925457,59.6396484375
5.120000000000003E-6,0.8752844333648682,22.87528419494629,22.87527084350586,1.4482875485555269E-5,0.21006827056407928,59.6411018371582
5.1300000000000026E-6,0.8695796132087708,22.869579315185547,22.869565963745117,1.4482869119092356E-5,0.20869910717010498,59.64253616333008
5.1400000000000025E-6,0.863874614238739,22.863874435424805,22.863861083984375,1.4482863662124146E-5,0.2073299139738083,59.64395523071289
5.150000000000002E-6,0.8581695556640625,22.858169555664062,22.858154296875,1.4482858205155935E-5,0.2059606909751892,59.645355224609375
5.160000000000002E-6,0.8524643182754517,22.85246467590332,22.852449417114258,1.4482852748187725E-5,0.20459143817424774,59.64673614501953
5.170000000000003E-6,0.846759021282196,22.846759796142578,22.846744537353516,1.4482846381724812E-5,0.2032221555709839,59.64809799194336
5.180000000000003E-6,0.8410535454750061,22.841053009033203,22.841039657592773,1.4482840924756601E-5,0.20185284316539764,59.64944076538086
5.190000000000003E-6,0.8353479504585266,22.83534812927246,22.8353328704834,1.448283546778839E-5,0.2004835158586502,59.65076446533203
5.200000000000003E-6,0.8296422958374023,22.829641342163086,22.829627990722656,1.448283001082018E-5,0.1991141438484192,59.65207290649414
5.210000000000003E-6,0.8239364624023438,22.823936462402344,22.82392120361328,1.4482823644357268E-5,0.19774475693702698,59.65336227416992
5.2200000000000025E-6,0.8182305097579956,22.81822967529297,22.81821632385254,1.4482818187389057E-5,0.19637532532215118,59.654632568359375
5.2300000000000024E-6,0.8125244975090027,22.812524795532227,22.812509536743164,1.4482812730420846E-5,0.1950058788061142,59.6558837890625
5.240000000000002E-6,0.8068183660507202,22.80681800842285,22.806804656982422,1.4482806363957934E-5,0.19363640248775482,59.6571159362793
5.250000000000003E-6,0.8011120557785034,22.801111221313477,22.801097869873047,1.4482800906989723E-5,0.19226689636707306,59.658329010009766
5.260000000000003E-6,0.7954057455062866,22.795406341552734,22.795391082763672,1.4482795450021513E-5,0.1908973753452301,59.65952682495117
5.270000000000003E-6,0.7896992564201355,22.78969955444336,22.789684295654297,1.4482789993053302E-5,0.18952782452106476,59.66070556640625
5.280000000000003E-6,0.7839926481246948,22.783992767333984,22.783977508544922,1.448278362659039E-5,0.18815824389457703,59.661865234375
5.290000000000003E-6,0.7782859802246094,22.77828598022461,22.778270721435547,1.4482778169622179E-5,0.1867886334657669,59.66300582885742
5.300000000000003E-6,0.7725791931152344,22.772579193115234,22.772563934326172,1.4482772712653968E-5,0.1854190081357956,59.664127349853516
5.3100000000000025E-6,0.7668723464012146,22.76687240600586,22.766857147216797,1.4482767255685758E-5,0.18404936790466309,59.66523361206055
5.3200000000000024E-6,0.7611653804779053,22.761165618896484,22.761150360107422,1.4482760889222845E-5,0.182679682970047,59.666316986083984
5.330000000000003E-6,0.7554582953453064,22.75545883178711,22.755443572998047,1.4482755432254635E-5,0.18130998313426971,59.66738510131836
5.340000000000003E-6,0.7497511506080627,22.749752044677734,22.749736785888672,1.4482749975286424E-5,0.17994026839733124,59.668434143066406
5.350000000000003E-6,0.7440438866615295,22.744043350219727,22.744029998779297,1.4482743608823512E-5,0.17857052385807037,59.669464111328125
5.360000000000003E-6,0.7383365035057068,22.73833656311035,22.73832130432129,1.4482738151855301E-5,0.17720076441764832,59.670475006103516
5.370000000000003E-6,0.732629120349884,22.732629776000977,22.732614517211914,1.448273269488709E-5,0.17583099007606506,59.671470642089844
5.380000000000003E-6,0.726921558380127,22.72692108154297,22.72690773010254,1.448272723791888E-5,0.17446117103099823,59.67244338989258
5.390000000000003E-6,0.7212139964103699,22.721214294433594,22.72119903564453,1.4482720871455967E-5,0.1730913519859314,59.67340087890625
5.4000000000000025E-6,0.7155062556266785,22.715505599975586,22.715492248535156,1.4482715414487757E-5,0.17172150313854218,59.674339294433594
5.410000000000002E-6,0.7097985148429871,22.70979881286621,22.70978355407715,1.4482709957519546E-5,0.17035163938999176,59.67525863647461
5.420000000000003E-6,0.7040906548500061,22.704090118408203,22.704076766967773,1.4482704500551336E-5,0.16898176074028015,59.6761589050293
5.430000000000003E-6,0.6983827352523804,22.698383331298828,22.698368072509766,1.4482698134088423E-5,0.16761185228824615,59.67704391479492
5.440000000000003E-6,0.6926747560501099,22.69267463684082,22.692659378051758,1.4482692677120212E-5,0.16624192893505096,59.67790985107422
5.450000000000003E-6,0.6869666576385498,22.686965942382812,22.686952590942383,1.4482687220152002E-5,0.16487199068069458,59.67875289916992
5.460000000000003E-6,0.681258499622345,22.681259155273438,22.681243896484375,1.448268085368909E-5,0.163502037525177,59.67958068847656
5.470000000000003E-6,0.6755502820014954,22.67555046081543,22.675535202026367,1.4482675396720879E-5,0.16213206946849823,59.680389404296875
5.480000000000003E-6,0.669842004776001,22.669841766357422,22.669828414916992,1.4482669939752668E-5,0.16076207160949707,59.681182861328125
5.4900000000000025E-6,0.664133608341217,22.664133071899414,22.664119720458984,1.4482664482784458E-5,0.1593920737504959,59.68195343017578
5.500000000000003E-6,0.6584252119064331,22.658424377441406,22.658411026000977,1.4482658116321545E-5,0.15802204608917236,59.682708740234375
5.510000000000003E-6,0.6527166962623596,22.65271759033203,22.65270233154297,1.4482652659353334E-5,0.15665201842784882,59.68344497680664
5.520000000000003E-6,0.6470081806182861,22.647008895874023,22.64699363708496,1.4482647202385124E-5,0.15528196096420288,59.68416213989258
5.530000000000003E-6,0.6412995457649231,22.641300201416016,22.641284942626953,1.4482640835922211E-5,0.15391188859939575,59.68486022949219
5.540000000000003E-6,0.6355909109115601,22.635591506958008,22.635576248168945,1.4482635378954E-5,0.15254181623458862,59.68553924560547
5.550000000000003E-6,0.6298821568489075,22.6298828125,22.629867553710938,1.448262992198579E-5,0.1511717140674591,59.68620300292969
5.560000000000003E-6,0.6241734027862549,22.624174118041992,22.62415885925293,1.448262446501758E-5,0.1498016119003296,59.68684387207031
5.5700000000000026E-6,0.6184645295143127,22.618465423583984,22.618450164794922,1.4482618098554667E-5,0.14843149483203888,59.687469482421875
5.5800000000000025E-6,0.6127556562423706,22.612754821777344,22.612741470336914,1.4482612641586456E-5,0.14706136286258698,59.68807601928711
5.590000000000003E-6,0.6070467233657837,22.607046127319336,22.607032775878906,1.4482607184618246E-5,0.14569121599197388,59.688663482666016
5.600000000000003E-6,0.601337730884552,22.601337432861328,22.6013240814209,1.4482601727650035E-5,0.14432105422019958,59.68923568725586
5.610000000000003E-6,0.5956286787986755,22.59562873840332,22.595613479614258,1.4482595361187123E-5,0.1429508924484253,59.68978500366211
5.620000000000003E-6,0.5899196267127991,22.589920043945312,22.58990478515625,1.4482589904218912E-5,0.1415807157754898,59.6903190612793
5.630000000000003E-6,0.5842105150222778,22.584211349487305,22.584196090698242,1.4482584447250701E-5,0.14021052420139313,59.690834045410156
5.640000000000003E-6,0.5785013437271118,22.578500747680664,22.578487396240234,1.4482578080787789E-5,0.13884031772613525,59.69132995605469
5.650000000000003E-6,0.5727921724319458,22.572792053222656,22.572776794433594,1.4482572623819578E-5,0.13747011125087738,59.69180679321289
5.6600000000000026E-6,0.5670828819274902,22.56708335876465,22.567068099975586,1.4482567166851368E-5,0.1360999047756195,59.692264556884766
5.670000000000003E-6,0.5613736510276794,22.561372756958008,22.561359405517578,1.4482561709883157E-5,0.13472966849803925,59.69270706176758
5.680000000000003E-6,0.5556643009185791,22.5556640625,22.55565071105957,1.4482555343420245E-5,0.13335943222045898,59.6931266784668
5.690000000000003E-6,0.5499550104141235,22.549955368041992,22.54994010925293,1.4482549886452034E-5,0.13198919594287872,59.69353103637695
5.700000000000003E-6,0.5442456007003784,22.54424476623535,22.544231414794922,1.4482544429483823E-5,0.13061894476413727,59.69391632080078
5.710000000000003E-6,0.5385361909866333,22.538536071777344,22.53852081298828,1.4482538972515613E-5,0.1292486935853958,59.69428253173828
5.720000000000003E-6,0.5328267812728882,22.532827377319336,22.532812118530273,1.44825326060527E-5,0.12787842750549316,59.69463348388672
5.730000000000003E-6,0.5271173119544983,22.527116775512695,22.527103424072266,1.448252714908449E-5,0.12650816142559052,59.69496154785156
5.740000000000003E-6,0.5214078426361084,22.521408081054688,22.521392822265625,1.448252169211628E-5,0.12513788044452667,59.695274353027344
5.750000000000003E-6,0.5156983137130737,22.515697479248047,22.515684127807617,1.4482515325653367E-5,0.12376759946346283,59.6955680847168
5.760000000000003E-6,0.5099887847900391,22.50998878479004,22.509973526000977,1.4482509868685156E-5,0.12239731848239899,59.69584274291992
5.770000000000003E-6,0.5042792558670044,22.50428009033203,22.50426483154297,1.4482504411716945E-5,0.12102702260017395,59.69609832763672
5.780000000000003E-6,0.4985697269439697,22.49856948852539,22.49855613708496,1.4482498954748735E-5,0.11965673416852951,59.69633483886719
5.790000000000003E-6,0.4928601384162903,22.492860794067383,22.49284553527832,1.4482492588285822E-5,0.11828643083572388,59.696556091308594
5.800000000000003E-6,0.48715054988861084,22.487150192260742,22.487136840820312,1.4482487131317612E-5,0.11691613495349884,59.69675827026367
5.810000000000003E-6,0.4814409613609314,22.481441497802734,22.481426239013672,1.4482481674349401E-5,0.1155458316206932,59.69694137573242
5.820000000000003E-6,0.47573134303092957,22.475730895996094,22.475717544555664,1.4482475307886489E-5,0.11417552083730698,59.697105407714844
5.830000000000003E-6,0.47002172470092773,22.470022201538086,22.470006942749023,1.4482469850918278E-5,0.11280521750450134,59.69725036621094
5.840000000000003E-6,0.4643121063709259,22.464311599731445,22.464298248291016,1.4482464393950067E-5,0.11143490672111511,59.6973762512207
5.850000000000003E-6,0.4586024582386017,22.458602905273438,22.458587646484375,1.4482458936981857E-5,0.11006459593772888,59.697486877441406
5.860000000000003E-6,0.45289283990859985,22.452892303466797,22.452878952026367,1.4482452570518944E-5,0.10869427770376205,59.69757843017578
5.870000000000003E-6,0.44718319177627563,22.44718360900879,22.447168350219727,1.4482447113550734E-5,0.10732396692037582,59.69765090942383
5.880000000000003E-6,0.4414735734462738,22.44147300720215,22.44145965576172,1.4482441656582523E-5,0.1059536561369896,59.69770431518555
5.890000000000003E-6,0.4357639253139496,22.43576431274414,22.435749053955078,1.4482436199614312E-5,0.10458334535360336,59.69773864746094
5.900000000000003E-6,0.43005430698394775,22.4300537109375,22.43004035949707,1.44824298331514E-5,0.10321303457021713,59.697757720947266
5.910000000000003E-6,0.4243446886539459,22.424345016479492,22.42432975769043,1.448242437618319E-5,0.1018427237868309,59.69775390625
5.9200000000000035E-6,0.4186350703239441,22.41863441467285,22.418621063232422,1.4482418919214979E-5,0.10047242045402527,59.69773483276367
5.930000000000003E-6,0.41292545199394226,22.412925720214844,22.41291046142578,1.4482412552752066E-5,0.09910210967063904,59.697696685791016
5.940000000000003E-6,0.4072158634662628,22.407215118408203,22.407201766967773,1.4482407095783856E-5,0.0977318063378334,59.69763946533203
5.950000000000003E-6,0.4015062749385834,22.401506423950195,22.401491165161133,1.4482401638815645E-5,0.09636151045560837,59.69756317138672
5.960000000000003E-6,0.3957967162132263,22.395795822143555,22.395782470703125,1.4482396181847434E-5,0.09499121457338333,59.697471618652344
5.970000000000003E-6,0.39008715748786926,22.390087127685547,22.390071868896484,1.4482389815384522E-5,0.0936209186911583,59.697357177734375
5.980000000000003E-6,0.3843776285648346,22.38437843322754,22.384363174438477,1.4482384358416311E-5,0.09225063025951385,59.697227478027344
5.990000000000003E-6,0.3786681294441223,22.3786678314209,22.37865447998047,1.44823789014481E-5,0.09088034927845001,59.697078704833984
6.000000000000003E-6,0.37295863032341003,22.37295913696289,22.372943878173828,1.4482372534985188E-5,0.08951006829738617,59.6969108581543
6.0100000000000034E-6,0.36724916100502014,22.36724853515625,22.36723518371582,1.4482367078016978E-5,0.08813979476690292,59.69672775268555
6.020000000000003E-6,0.36153969168663025,22.361539840698242,22.36152458190918,1.4482361621048767E-5,0.08676952868700027,59.6965217590332
6.030000000000003E-6,0.35583028197288513,22.355831146240234,22.355815887451172,1.4482356164080556E-5,0.08539927005767822,59.6963005065918
6.040000000000003E-6,0.3501209020614624,22.350120544433594,22.350107192993164,1.4482349797617644E-5,0.08402901142835617,59.69606018066406
6.050000000000003E-6,0.3444115221500397,22.344411849975586,22.344396591186523,1.4482344340649433E-5,0.08265876770019531,59.69580078125
6.060000000000003E-6,0.3387022018432617,22.338701248168945,22.338687896728516,1.4482338883681223E-5,0.08128852397203445,59.69552230834961
6.070000000000003E-6,0.33299291133880615,22.332992553710938,22.332979202270508,1.4482333426713012E-5,0.07991829514503479,59.695228576660156
6.080000000000003E-6,0.3272836208343506,22.32728385925293,22.327268600463867,1.44823270602501E-5,0.07854807376861572,59.69491195678711
6.0900000000000035E-6,0.3215744197368622,22.321575164794922,22.32155990600586,1.4482321603281889E-5,0.07717785984277725,59.694580078125
6.1000000000000034E-6,0.3158652186393738,22.31586456298828,22.31585121154785,1.4482316146313678E-5,0.07580765336751938,59.69422912597656
6.110000000000003E-6,0.31015607714653015,22.310155868530273,22.310142517089844,1.4482309779850766E-5,0.0744374543428421,59.6938591003418
6.120000000000003E-6,0.3044469654560089,22.304447174072266,22.304431915283203,1.4482304322882555E-5,0.07306727021932602,59.6934700012207
6.130000000000003E-6,0.29873791337013245,22.298738479614258,22.298723220825195,1.4482298865914345E-5,0.07169710099697113,59.69306564331055
6.140000000000003E-6,0.29302889108657837,22.29302978515625,22.293014526367188,1.4482293408946134E-5,0.07032693177461624,59.6926383972168
6.150000000000003E-6,0.28731992840766907,22.28731918334961,22.28730583190918,1.4482287042483222E-5,0.06895678490400314,59.692195892333984
6.160000000000003E-6,0.28161099553108215,22.2816104888916,22.281597137451172,1.4482281585515011E-5,0.06758663803339005,59.691734313964844
6.170000000000004E-6,0.27590212225914,22.275901794433594,22.275888442993164,1.44822761285468E-5,0.06621651351451874,59.691253662109375
6.1800000000000035E-6,0.27019330859184265,22.270193099975586,22.270179748535156,1.4482269762083888E-5,0.06484639644622803,59.69075393676758
6.190000000000003E-6,0.26448455452919006,22.264484405517578,22.264469146728516,1.4482264305115677E-5,0.06347629427909851,59.69023895263672
6.200000000000003E-6,0.25877586007118225,22.25877571105957,22.258760452270508,1.4482258848147467E-5,0.06210620328783989,59.68970489501953
6.210000000000003E-6,0.2530671954154968,22.253067016601562,22.253053665161133,1.4482253391179256E-5,0.06073612719774246,59.68914794921875
6.220000000000003E-6,0.24735860526561737,22.247358322143555,22.247344970703125,1.4482247024716344E-5,0.05936606600880623,59.688575744628906
6.230000000000003E-6,0.2416500747203827,22.241649627685547,22.241636276245117,1.4482241567748133E-5,0.05799601972103119,59.68798828125
6.240000000000003E-6,0.23594161868095398,22.23594093322754,22.23592758178711,1.4482236110779922E-5,0.05662598833441734,59.6873779296875
6.250000000000003E-6,0.23023320734500885,22.230234146118164,22.2302188873291,1.4482230653811712E-5,0.05525597184896469,59.68675231933594
6.260000000000004E-6,0.22452488541603088,22.224525451660156,22.224510192871094,1.44822242873488E-5,0.05388597026467323,59.68610382080078
6.2700000000000035E-6,0.2188166081905365,22.21881675720215,22.218801498413086,1.4482218830380589E-5,0.05251598730683327,59.68544006347656
6.280000000000003E-6,0.21310842037200928,22.21310806274414,22.21309471130371,1.4482213373412378E-5,0.051146019250154495,59.684757232666016
6.290000000000003E-6,0.20740029215812683,22.207399368286133,22.207386016845703,1.4482207006949466E-5,0.049776069819927216,59.68405532836914
6.300000000000003E-6,0.20169223845005035,22.201692581176758,22.201677322387695,1.4482201549981255E-5,0.04840613529086113,59.6833381652832
6.310000000000003E-6,0.19598425924777985,22.19598388671875,22.19597053527832,1.4482196093013044E-5,0.047036223113536835,59.68260192871094
6.320000000000003E-6,0.1902763545513153,22.190277099609375,22.190261840820312,1.4482190636044834E-5,0.045666325837373734,59.68184280395508
6.330000000000003E-6,0.18456853926181793,22.184568405151367,22.184553146362305,1.4482184269581921E-5,0.044296447187662125,59.681068420410156
6.340000000000004E-6,0.17886079847812653,22.178861618041992,22.17884635925293,1.448217881261371E-5,0.042926590889692307,59.680274963378906
6.350000000000004E-6,0.1731531322002411,22.173152923583984,22.173139572143555,1.44821733556455E-5,0.04155675321817398,59.679466247558594
6.3600000000000035E-6,0.16744555532932281,22.16744613647461,22.167430877685547,1.4482166989182588E-5,0.04018693417310715,59.67863464355469
6.370000000000003E-6,0.1617380678653717,22.1617374420166,22.161724090576172,1.4482161532214377E-5,0.038817137479782104,59.67778778076172
6.380000000000003E-6,0.15603066980838776,22.156030654907227,22.156015396118164,1.4482156075246166E-5,0.037447359412908554,59.67692184448242
6.390000000000003E-6,0.15032334625720978,22.15032386779785,22.15030860900879,1.4482150618277956E-5,0.036077603697776794,59.6760368347168
6.400000000000003E-6,0.14461612701416016,22.144615173339844,22.144601821899414,1.4482144251815043E-5,0.034707870334386826,59.675132751464844
6.410000000000003E-6,0.1389089971780777,22.13890838623047,22.13889503479004,1.4482138794846833E-5,0.03333815932273865,59.67420959472656
6.420000000000003E-6,0.1332019567489624,22.133201599121094,22.133188247680664,1.4482133337878622E-5,0.03196847066283226,59.67327117919922
6.430000000000004E-6,0.12749500572681427,22.12749481201172,22.12748146057129,1.4482127880910411E-5,0.030598802492022514,59.67231369018555
6.4400000000000036E-6,0.12178816646337509,22.121788024902344,22.12177276611328,1.4482121514447499E-5,0.029229160398244858,59.67133712768555
6.4500000000000035E-6,0.11608142405748367,22.11608123779297,22.11606788635254,1.4482116057479288E-5,0.027859540656208992,59.67034149169922
6.460000000000003E-6,0.11037477850914001,22.110374450683594,22.110361099243164,1.4482110600511078E-5,0.026489946991205215,59.66932678222656
6.470000000000003E-6,0.10466823726892471,22.10466766357422,22.10465431213379,1.4482104234048165E-5,0.02512037567794323,59.668296813964844
6.480000000000003E-6,0.09896180033683777,22.098960876464844,22.098947525024414,1.4482098777079955E-5,0.023750832304358482,59.66724395751953
6.490000000000003E-6,0.09325546771287918,22.0932559967041,22.09324073791504,1.4482093320111744E-5,0.022381311282515526,59.666175842285156
6.500000000000003E-6,0.08754924684762955,22.087549209594727,22.087533950805664,1.4482087863143533E-5,0.021011818200349808,59.66508865356445
6.510000000000004E-6,0.08184313029050827,22.08184242248535,22.081829071044922,1.4482081496680621E-5,0.01964235119521618,59.66398239135742
6.520000000000004E-6,0.07613712549209595,22.07613754272461,22.076122283935547,1.448207603971241E-5,0.01827291026711464,59.66286087036133
6.5300000000000035E-6,0.07043123990297318,22.070430755615234,22.070417404174805,1.44820705827442E-5,0.016903497278690338,59.66171646118164
6.5400000000000035E-6,0.06472546607255936,22.064725875854492,22.06471061706543,1.4482065125775989E-5,0.0155341112986207,59.66055679321289
6.550000000000003E-6,0.05901980772614479,22.059019088745117,22.059005737304688,1.4482058759313077E-5,0.014164754189550877,59.65937805175781
6.560000000000003E-6,0.053314268589019775,22.053314208984375,22.053298950195312,1.4482053302344866E-5,0.01279542502015829,59.658180236816406
6.570000000000003E-6,0.04760884866118431,22.047609329223633,22.04759407043457,1.4482047845376655E-5,0.011426123790442944,59.65696716308594
6.580000000000003E-6,0.041903551667928696,22.04190444946289,22.041889190673828,1.4482041478913743E-5,0.010056852363049984,59.655731201171875
6.590000000000004E-6,0.03619837760925293,22.036197662353516,22.036184310913086,1.4482036021945532E-5,0.008687610737979412,59.65447998046875
6.600000000000004E-6,0.03049333021044731,22.030492782592773,22.030479431152344,1.4482030564977322E-5,0.007318399380892515,59.6532096862793
6.610000000000004E-6,0.02478840947151184,22.02478790283203,22.0247745513916,1.4482025108009111E-5,0.005949218291789293,59.651920318603516
6.6200000000000035E-6,0.019083617255091667,22.01908302307129,22.01906967163086,1.4482018741546199E-5,0.004580067936331034,59.650611877441406
6.6300000000000034E-6,0.013378954492509365,22.013378143310547,22.013364791870117,1.4482013284577988E-5,0.0032109490130096674,59.64928436279297
6.640000000000003E-6,0.007674424443393946,22.007675170898438,22.007659912109375,1.4482007827609777E-5,0.0018418618710711598,59.64794158935547
6.650000000000003E-6,0.0019700287375599146,22.001970291137695,22.001955032348633,1.4482002370641567E-5,4.728068597614765E-4,59.64657974243164
6.660000000000003E-6,-0.0037342316936701536,21.996265411376953,21.996252059936523,1.4481996004178654E-5,-8.962156134657562E-4,59.645198822021484
6.670000000000003E-6,-0.009438354521989822,21.990562438964844,21.99054718017578,1.4481990547210444E-5,-0.002265205141156912,59.643798828125
6.680000000000004E-6,-0.01514233835041523,21.9848575592041,21.98484230041504,1.4481985090242233E-5,-0.003634161315858364,59.64237976074219
6.690000000000004E-6,-0.020846180617809296,21.979154586791992,21.97913932800293,1.448197872377932E-5,-0.005003083497285843,59.64094543457031
6.700000000000004E-6,-0.02654988132417202,21.97344970703125,21.97343635559082,1.448197326681111E-5,-0.006371971685439348,59.639488220214844
6.7100000000000035E-6,-0.032253436744213104,21.96774673461914,21.967731475830078,1.44819678098429E-5,-0.0077408249489963055,59.63801574707031
6.720000000000003E-6,-0.0379568487405777,21.96204376220703,21.96202850341797,1.4481962352874689E-5,-0.009109643287956715,59.63652420043945
6.730000000000003E-6,-0.043660108000040054,21.956340789794922,21.95632553100586,1.4481955986411776E-5,-0.010478426702320576,59.635013580322266
6.740000000000003E-6,-0.04936322197318077,21.95063591003418,21.95062255859375,1.4481950529443566E-5,-0.011847173795104027,59.633487701416016
6.750000000000003E-6,-0.05506618320941925,21.94493293762207,21.94491958618164,1.4481945072475355E-5,-0.013215884566307068,59.63194274902344
6.760000000000004E-6,-0.06076899170875549,21.939231872558594,21.93921661376953,1.4481939615507144E-5,-0.014584558084607124,59.630374908447266
6.770000000000004E-6,-0.0664716437458992,21.933528900146484,21.933513641357422,1.4481933249044232E-5,-0.015953194350004196,59.62879180908203
6.780000000000004E-6,-0.07217413932085037,21.927825927734375,21.927810668945312,1.4481927792076021E-5,-0.017321795225143433,59.627193450927734
6.790000000000004E-6,-0.07787647843360901,21.922122955322266,21.922109603881836,1.448192233510781E-5,-0.018690355122089386,59.625572204589844
6.8000000000000035E-6,-0.08357866108417511,21.91642189025879,21.916406631469727,1.4481915968644898E-5,-0.020058877766132355,59.62393569946289
6.810000000000003E-6,-0.08928067982196808,21.91071891784668,21.91070556640625,1.4481910511676688E-5,-0.02142736315727234,59.622276306152344
6.820000000000003E-6,-0.09498253464698792,21.905017852783203,21.90500259399414,1.4481905054708477E-5,-0.02279580757021904,59.620601654052734
6.830000000000003E-6,-0.10068421810865402,21.899314880371094,21.899301528930664,1.4481899597740266E-5,-0.024164212867617607,59.6189079284668
6.840000000000003E-6,-0.1063857451081276,21.893613815307617,21.893600463867188,1.4481893231277354E-5,-0.02553257904946804,59.6171989440918
6.850000000000004E-6,-0.11208709329366684,21.88791275024414,21.887897491455078,1.4481887774309143E-5,-0.02690090239048004,59.6154670715332
6.860000000000004E-6,-0.11778827756643295,21.882211685180664,21.8821964263916,1.4481882317340933E-5,-0.02826918661594391,59.61371994018555
6.870000000000004E-6,-0.12348929047584534,21.876510620117188,21.876495361328125,1.4481876860372722E-5,-0.029637429863214493,59.61195373535156
6.880000000000004E-6,-0.129190132021904,21.87080955505371,21.87079620361328,1.448187049390981E-5,-0.031005630269646645,59.61016845703125
6.8900000000000035E-6,-0.13489079475402832,21.865108489990234,21.865095138549805,1.4481865036941599E-5,-0.03237378969788551,59.60836410522461
6.900000000000003E-6,-0.14059127867221832,21.85940933227539,21.859394073486328,1.4481859579973388E-5,-0.03374190628528595,59.606544494628906
6.910000000000003E-6,-0.146291583776474,21.853708267211914,21.85369300842285,1.4481854123005178E-5,-0.035109978169202805,59.60470199584961
6.920000000000003E-6,-0.15199171006679535,21.84800910949707,21.847993850708008,1.4481847756542265E-5,-0.036478009074926376,59.60284423828125
6.930000000000004E-6,-0.15769164264202118,21.842308044433594,21.842294692993164,1.4481842299574055E-5,-0.03784599527716637,59.60096740722656
6.940000000000004E-6,-0.16339141130447388,21.83660888671875,21.836593627929688,1.4481836842605844E-5,-0.039213936775922775,59.59907150268555
6.950000000000004E-6,-0.16909098625183105,21.830909729003906,21.830894470214844,1.4481830476142932E-5,-0.0405818335711956,59.59716033935547
6.960000000000004E-6,-0.1747903674840927,21.825210571289062,21.8251953125,1.4481825019174721E-5,-0.04194968566298485,59.59523010253906
6.9700000000000036E-6,-0.18048955500125885,21.819509506225586,21.819496154785156,1.448181956220651E-5,-0.04331749305129051,59.59327697753906
6.9800000000000035E-6,-0.18618856370449066,21.813812255859375,21.813796997070312,1.44818141052383E-5,-0.044685255736112595,59.59130859375
6.990000000000003E-6,-0.19188737869262695,21.80811309814453,21.80809783935547,1.4481807738775387E-5,-0.0460529699921608,59.589324951171875
7.000000000000003E-6,-0.19758599996566772,21.802413940429688,21.802398681640625,1.4481802281807177E-5,-0.04742063954472542,59.587318420410156
7.010000000000004E-6,-0.20328441262245178,21.796714782714844,21.796701431274414,1.4481796824838966E-5,-0.04878826066851616,59.585296630859375
7.020000000000004E-6,-0.20898263156414032,21.791017532348633,21.79100227355957,1.4481791367870755E-5,-0.05015583336353302,59.583251953125
7.030000000000004E-6,-0.21468065679073334,21.785320281982422,21.78530502319336,1.4481785001407843E-5,-0.051523357629776,59.58119201660156
7.040000000000004E-6,-0.22037848830223083,21.779621124267578,21.77960777282715,1.4481779544439632E-5,-0.0528908371925354,59.5791130065918
7.050000000000004E-6,-0.22607609629631042,21.773923873901367,21.773908615112305,1.4481774087471422E-5,-0.05425826460123062,59.57701873779297
7.0600000000000036E-6,-0.2317735105752945,21.768226623535156,21.768211364746094,1.4481768630503211E-5,-0.05562564358115196,59.57490158081055
7.0700000000000035E-6,-0.23747071623802185,21.762529373168945,21.762514114379883,1.4481762264040299E-5,-0.05699297413229942,59.57276916503906
7.080000000000003E-6,-0.2431677132844925,21.756832122802734,21.756816864013672,1.4481756807072088E-5,-0.058360252529382706,59.57061767578125
7.090000000000003E-6,-0.24886450171470642,21.751134872436523,21.751121520996094,1.4481751350103877E-5,-0.05972748249769211,59.56844711303711
7.100000000000004E-6,-0.25456109642982483,21.745439529418945,21.745424270629883,1.4481744983640965E-5,-0.06109466031193733,59.566261291503906
7.110000000000004E-6,-0.26025745272636414,21.739742279052734,21.739728927612305,1.4481739526672754E-5,-0.06246178597211838,59.56405258178711
7.120000000000004E-6,-0.26595360040664673,21.734046936035156,21.734031677246094,1.4481734069704544E-5,-0.06382886320352554,59.56182861328125
7.130000000000004E-6,-0.2716495394706726,21.728349685668945,21.728336334228516,1.4481728612736333E-5,-0.06519588828086853,59.55958557128906
7.140000000000004E-6,-0.2773452401161194,21.722654342651367,21.722640991210938,1.448172224627342E-5,-0.06656286120414734,59.55732345581055
7.1500000000000035E-6,-0.28304073214530945,21.71695899963379,21.71694564819336,1.448171678930521E-5,-0.06792977452278137,59.5550422668457
7.1600000000000034E-6,-0.2887360155582428,21.71126365661621,21.71125030517578,1.4481711332337E-5,-0.06929664313793182,59.5527458190918
7.170000000000003E-6,-0.29443106055259705,21.705568313598633,21.705554962158203,1.4481705875368789E-5,-0.0706634521484375,59.5504264831543
7.180000000000004E-6,-0.3001258671283722,21.699874877929688,21.699859619140625,1.4481699508905876E-5,-0.072030209004879,59.548091888427734
7.190000000000004E-6,-0.3058204650878906,21.69417953491211,21.694164276123047,1.4481694051937666E-5,-0.07339691370725632,59.545738220214844
7.200000000000004E-6,-0.31151482462882996,21.688486099243164,21.6884708404541,1.4481688594969455E-5,-0.07476355880498886,59.54336929321289
7.210000000000004E-6,-0.3172089457511902,21.682790756225586,21.682777404785156,1.4481683138001245E-5,-0.07613015174865723,59.540977478027344
7.220000000000004E-6,-0.3229028582572937,21.67709732055664,21.677082061767578,1.4481676771538332E-5,-0.07749668508768082,59.538570404052734
7.230000000000004E-6,-0.3285965323448181,21.671403884887695,21.671388626098633,1.4481671314570121E-5,-0.07886316627264023,59.5361442565918
7.2400000000000035E-6,-0.33428993821144104,21.66571044921875,21.665695190429688,1.448166585760191E-5,-0.08022958785295486,59.53369903564453
7.2500000000000034E-6,-0.33998313546180725,21.660017013549805,21.660001754760742,1.44816604006337E-5,-0.08159595727920532,59.53123474121094
7.260000000000003E-6,-0.34567609429359436,21.65432357788086,21.65431022644043,1.4481654034170788E-5,-0.08296225965023041,59.52875518798828
7.270000000000004E-6,-0.35136881470680237,21.648632049560547,21.648616790771484,1.4481648577202577E-5,-0.08432851731777191,59.5262565612793
7.280000000000004E-6,-0.3570612668991089,21.6429386138916,21.64292335510254,1.4481643120234367E-5,-0.08569470793008804,59.523738861083984
7.290000000000004E-6,-0.3627535104751587,21.63724708557129,21.637231826782227,1.4481637663266156E-5,-0.0870608389377594,59.521202087402344
7.300000000000004E-6,-0.368445485830307,21.631553649902344,21.631540298461914,1.4481631296803243E-5,-0.08842691779136658,59.518646240234375
7.310000000000004E-6,-0.37413719296455383,21.62586212158203,21.6258487701416,1.4481625839835033E-5,-0.08979292958974838,59.51607131958008
7.320000000000004E-6,-0.37982869148254395,21.62017059326172,21.62015724182129,1.4481620382866822E-5,-0.09115888178348541,59.51348114013672
7.3300000000000035E-6,-0.38551992177963257,21.61448097229004,21.614465713500977,1.448161401640391E-5,-0.09252478182315826,59.51087188720703
7.340000000000003E-6,-0.3912108838558197,21.608789443969727,21.608774185180664,1.4481608559435699E-5,-0.09389061480760574,59.508243560791016
7.350000000000004E-6,-0.39690160751342773,21.603097915649414,21.603084564208984,1.4481603102467488E-5,-0.09525638818740845,59.50559997558594
7.360000000000004E-6,-0.4025920629501343,21.597408294677734,21.597393035888672,1.4481597645499278E-5,-0.09662209451198578,59.502933502197266
7.370000000000004E-6,-0.4082822799682617,21.591718673706055,21.591703414916992,1.4481591279036365E-5,-0.09798774868249893,59.50025177001953
7.380000000000004E-6,-0.41397222876548767,21.586027145385742,21.586013793945312,1.4481585822068155E-5,-0.09935333579778671,59.49755096435547
7.390000000000004E-6,-0.41966190934181213,21.580337524414062,21.580324172973633,1.4481580365099944E-5,-0.10071885585784912,59.49483108520508
7.400000000000004E-6,-0.4253513216972351,21.574647903442383,21.574634552001953,1.4481574908131734E-5,-0.10208431631326675,59.49209213256836
7.410000000000004E-6,-0.4310404658317566,21.568960189819336,21.568944931030273,1.4481568541668821E-5,-0.10344971716403961,59.48933792114258
7.4200000000000035E-6,-0.436729371547699,21.563270568847656,21.563255310058594,1.448156308470061E-5,-0.1048150435090065,59.48656463623047
7.430000000000004E-6,-0.4424179792404175,21.55758285522461,21.557567596435547,1.44815576277324E-5,-0.10618031769990921,59.48377227783203
7.440000000000004E-6,-0.4481063187122345,21.55189323425293,21.5518798828125,1.448155217076419E-5,-0.10754551738500595,59.480960845947266
7.450000000000004E-6,-0.45379438996315,21.546205520629883,21.54619026184082,1.4481545804301277E-5,-0.10891065746545792,59.47813034057617
7.460000000000004E-6,-0.45948219299316406,21.540517807006836,21.540502548217773,1.4481540347333066E-5,-0.11027573049068451,59.475284576416016
7.470000000000004E-6,-0.4651697278022766,21.53483009338379,21.53481674194336,1.4481534890364856E-5,-0.11164073646068573,59.47241973876953
7.480000000000004E-6,-0.4708569645881653,21.529142379760742,21.529129028320312,1.4481529433396645E-5,-0.11300567537546158,59.46953582763672
7.490000000000004E-6,-0.47654393315315247,21.523456573486328,21.523441314697266,1.4481523066933732E-5,-0.11437054723501205,59.46663284301758
7.500000000000004E-6,-0.48223063349723816,21.51776885986328,21.51775550842285,1.4481517609965522E-5,-0.11573535203933716,59.46371078491211
7.5100000000000035E-6,-0.4879170358181,21.512083053588867,21.512067794799805,1.4481512152997311E-5,-0.11710008978843689,59.46077346801758
7.520000000000004E-6,-0.4936031699180603,21.506397247314453,21.50638198852539,1.44815066960291E-5,-0.11846476048231125,59.45781707763672
7.530000000000004E-6,-0.49928900599479675,21.50071144104004,21.500696182250977,1.4481500329566188E-5,-0.11982935667037964,59.45484161376953
7.540000000000004E-6,-0.5049745440483093,21.495025634765625,21.495010375976562,1.4481494872597978E-5,-0.12119388580322266,59.451847076416016
7.550000000000004E-6,-0.5106598138809204,21.48933982849121,21.48932647705078,1.4481489415629767E-5,-0.1225583478808403,59.44883728027344
7.560000000000004E-6,-0.5163447856903076,21.48365592956543,21.483640670776367,1.4481483958661556E-5,-0.12392274290323257,59.445804595947266
7.570000000000004E-6,-0.522029459476471,21.477970123291016,21.477956771850586,1.4481477592198644E-5,-0.12528707087039948,59.44275665283203
7.580000000000004E-6,-0.5277138352394104,21.472286224365234,21.472270965576172,1.4481472135230433E-5,-0.1266513168811798,59.43968963623047
7.5900000000000036E-6,-0.533397912979126,21.466602325439453,21.46658706665039,1.4481466678262223E-5,-0.12801548838615417,59.436607360839844
7.600000000000004E-6,-0.5390816926956177,21.460918426513672,21.46090316772461,1.4481461221294012E-5,-0.12937960028648376,59.433502197265625
7.610000000000004E-6,-0.5447651743888855,21.45523452758789,21.45522117614746,1.44814548548311E-5,-0.13074363768100739,59.430381774902344
7.620000000000004E-6,-0.5504483580589294,21.449552536010742,21.44953727722168,1.4481449397862889E-5,-0.13210760056972504,59.427242279052734
7.630000000000003E-6,-0.5561312437057495,21.44386863708496,21.4438533782959,1.4481443940894678E-5,-0.13347148895263672,59.4240837097168
7.640000000000005E-6,-0.5618138313293457,21.438186645507812,21.43817138671875,1.4481438483926468E-5,-0.13483531773090363,59.4209098815918
7.650000000000005E-6,-0.5674960613250732,21.432504653930664,21.4324893951416,1.4481432117463555E-5,-0.13619905710220337,59.4177131652832
7.660000000000005E-6,-0.5731780529022217,21.426822662353516,21.426807403564453,1.4481426660495345E-5,-0.13756272196769714,59.41450119018555
7.670000000000004E-6,-0.5788596868515015,21.421140670776367,21.421125411987305,1.4481421203527134E-5,-0.13892632722854614,59.41127014160156
7.680000000000004E-6,-0.5845410227775574,21.41545867919922,21.41544532775879,1.4481415746558923E-5,-0.14028984308242798,59.40802001953125
7.690000000000004E-6,-0.5902220606803894,21.409778594970703,21.40976333618164,1.4481409380096011E-5,-0.14165328443050385,59.404754638671875
7.700000000000004E-6,-0.5959027409553528,21.404096603393555,21.404083251953125,1.44814039231278E-5,-0.14301666617393494,59.40147018432617
7.710000000000004E-6,-0.6015831232070923,21.39841651916504,21.39840316772461,1.448139846615959E-5,-0.14437995851039886,59.398162841796875
7.720000000000004E-6,-0.6072632074356079,21.392736434936523,21.392723083496094,1.4481393009191379E-5,-0.14574317634105682,59.39484405517578
7.730000000000004E-6,-0.6129429936408997,21.387056350708008,21.387042999267578,1.4481386642728467E-5,-0.14710630476474762,59.391502380371094
7.740000000000004E-6,-0.6186224222183228,21.381378173828125,21.381362915039062,1.4481381185760256E-5,-0.14846937358379364,59.388145446777344
7.750000000000004E-6,-0.6243014931678772,21.37569808959961,21.37568473815918,1.4481375728792045E-5,-0.1498323529958725,59.384765625
7.760000000000004E-6,-0.6299802660942078,21.370019912719727,21.370004653930664,1.4481370271823835E-5,-0.15119527280330658,59.381370544433594
7.770000000000004E-6,-0.6356587409973145,21.364341735839844,21.36432647705078,1.4481363905360922E-5,-0.1525581032037735,59.37795639038086
7.780000000000003E-6,-0.6413368582725525,21.35866355895996,21.3586483001709,1.4481358448392712E-5,-0.15392084419727325,59.37452697753906
7.790000000000003E-6,-0.6470146775245667,21.352985382080078,21.352970123291016,1.4481352991424501E-5,-0.15528351068496704,59.37107849121094
7.800000000000003E-6,-0.6526921391487122,21.347307205200195,21.347293853759766,1.448134753445629E-5,-0.15664610266685486,59.36760711669922
7.810000000000005E-6,-0.658369243144989,21.341630935668945,21.341615676879883,1.4481341167993378E-5,-0.1580086201429367,59.3641242980957
7.820000000000005E-6,-0.664046049118042,21.335954666137695,21.335939407348633,1.4481335711025167E-5,-0.1593710482120514,59.360618591308594
7.830000000000005E-6,-0.6697224974632263,21.330278396606445,21.330263137817383,1.4481330254056957E-5,-0.1607334017753601,59.357093811035156
7.840000000000005E-6,-0.675398588180542,21.324602127075195,21.324586868286133,1.4481324797088746E-5,-0.16209566593170166,59.353553771972656
7.850000000000004E-6,-0.6810743808746338,21.318925857543945,21.318910598754883,1.4481319340120535E-5,-0.16345784068107605,59.34999465942383
7.860000000000004E-6,-0.6867498159408569,21.313249588012695,21.313236236572266,1.4481312973657623E-5,-0.16481995582580566,59.34641647338867
7.870000000000004E-6,-0.6924248933792114,21.307575225830078,21.307559967041016,1.4481307516689412E-5,-0.16618196666240692,59.34282302856445
7.880000000000004E-6,-0.6980996131896973,21.30190086364746,21.3018856048584,1.4481302059721202E-5,-0.1675439029932022,59.33920669555664
7.890000000000004E-6,-0.7037740349769592,21.296226501464844,21.29621124267578,1.4481296602752991E-5,-0.16890576481819153,59.335575103759766
7.900000000000004E-6,-0.7094480395317078,21.290552139282227,21.290536880493164,1.4481290236290079E-5,-0.17026753723621368,59.33192443847656
7.910000000000004E-6,-0.7151217460632324,21.28487777709961,21.28486442565918,1.4481284779321868E-5,-0.17162922024726868,59.3282585144043
7.920000000000004E-6,-0.7207950949668884,21.279205322265625,21.279190063476562,1.4481279322353657E-5,-0.1729908138513565,59.32456970214844
7.930000000000004E-6,-0.7264680862426758,21.27353286743164,21.273517608642578,1.4481273865385447E-5,-0.17435233294963837,59.320865631103516
7.940000000000004E-6,-0.7321406602859497,21.267858505249023,21.267845153808594,1.4481267498922534E-5,-0.17571376264095306,59.317142486572266
7.950000000000004E-6,-0.7378129363059998,21.262187957763672,21.26217269897461,1.4481262041954324E-5,-0.1770751029253006,59.31340026855469
7.960000000000003E-6,-0.7434848546981812,21.256515502929688,21.256500244140625,1.4481256584986113E-5,-0.17843636870384216,59.30964279174805
7.970000000000003E-6,-0.7491564154624939,21.250843048095703,21.250829696655273,1.4481251128017902E-5,-0.17979753017425537,59.30586242675781
7.980000000000005E-6,-0.7548275589942932,21.24517250061035,21.24515724182129,1.448124476155499E-5,-0.1811586171388626,59.302066802978516
7.990000000000005E-6,-0.7604984045028687,21.239501953125,21.239486694335938,1.448123930458678E-5,-0.18251961469650269,59.29825210571289
8.000000000000005E-6,-0.7661688327789307,21.23383140563965,21.233816146850586,1.4481233847618569E-5,-0.1838805228471756,59.2944221496582
8.010000000000005E-6,-0.771838903427124,21.228160858154297,21.228147506713867,1.4481228390650358E-5,-0.18524134159088135,59.29056930541992
8.020000000000005E-6,-0.7775086164474487,21.222492218017578,21.222476959228516,1.4481222024187446E-5,-0.18660207092761993,59.28670120239258
8.030000000000004E-6,-0.7831779718399048,21.216821670532227,21.216808319091797,1.4481216567219235E-5,-0.18796271085739136,59.282814025878906
8.040000000000004E-6,-0.7888469099998474,21.211153030395508,21.211137771606445,1.4481211110251024E-5,-0.18932326138019562,59.278907775878906
8.050000000000004E-6,-0.7945155501365662,21.20548439025879,21.205469131469727,1.4481205653282814E-5,-0.19068372249603271,59.274986267089844
8.060000000000004E-6,-0.8001837134361267,21.19981575012207,21.19980239868164,1.4481200196314603E-5,-0.19204409420490265,59.27104568481445
8.070000000000004E-6,-0.8058515787124634,21.194149017333984,21.194133758544922,1.448119382985169E-5,-0.19340437650680542,59.267086029052734
8.080000000000004E-6,-0.8115190267562866,21.188480377197266,21.188467025756836,1.448118837288348E-5,-0.19476456940174103,59.26310729980469
8.090000000000004E-6,-0.8171861171722412,21.18281364440918,21.18280029296875,1.448118291591527E-5,-0.19612465798854828,59.25910949707031
8.100000000000004E-6,-0.8228527903556824,21.177146911621094,21.177133560180664,1.4481177458947059E-5,-0.19748467206954956,59.255096435546875
8.110000000000004E-6,-0.8285191059112549,21.171480178833008,21.171466827392578,1.4481171092484146E-5,-0.19884458184242249,59.25106430053711
8.120000000000004E-6,-0.834185004234314,21.165815353393555,21.165800094604492,1.4481165635515936E-5,-0.20020440220832825,59.247013092041016
8.130000000000003E-6,-0.8398504853248596,21.16014862060547,21.16013526916504,1.4481160178547725E-5,-0.20156411826610565,59.242942810058594
8.140000000000003E-6,-0.8455156683921814,21.154483795166016,21.154470443725586,1.4481154721579514E-5,-0.2029237598180771,59.23885726928711
8.150000000000005E-6,-0.851180374622345,21.148818969726562,21.148805618286133,1.4481148355116602E-5,-0.20428329706192017,59.2347526550293
8.160000000000005E-6,-0.8568447232246399,21.143156051635742,21.14314079284668,1.4481142898148391E-5,-0.2056427299976349,59.230628967285156
8.170000000000005E-6,-0.8625086545944214,21.13749122619629,21.137475967407227,1.448113744118018E-5,-0.20700208842754364,59.22648620605469
8.180000000000005E-6,-0.8681722283363342,21.13182830810547,21.131813049316406,1.448113198421197E-5,-0.20836132764816284,59.222328186035156
8.190000000000005E-6,-0.8738353848457336,21.12616539001465,21.126150131225586,1.448112652724376E-5,-0.20972049236297607,59.21814727783203
8.200000000000004E-6,-0.8794981241226196,21.120502471923828,21.120487213134766,1.4481120160780847E-5,-0.21107955276966095,59.213951110839844
8.210000000000004E-6,-0.885160505771637,21.114839553833008,21.114824295043945,1.4481114703812636E-5,-0.21243850886821747,59.209739685058594
8.220000000000004E-6,-0.8908224105834961,21.109176635742188,21.109163284301758,1.4481109246844426E-5,-0.21379737555980682,59.20550537109375
8.230000000000004E-6,-0.8964839577674866,21.103515625,21.10350227355957,1.4481103789876215E-5,-0.21515615284442902,59.201255798339844
8.240000000000004E-6,-0.9021450877189636,21.097854614257812,21.097841262817383,1.4481097423413303E-5,-0.21651482582092285,59.19698715209961
8.250000000000004E-6,-0.9078058004379272,21.092193603515625,21.092180252075195,1.4481091966445092E-5,-0.21787339448928833,59.19269943237305
8.260000000000004E-6,-0.9134660959243774,21.08653450012207,21.086519241333008,1.4481086509476881E-5,-0.21923187375068665,59.188392639160156
8.270000000000004E-6,-0.919126033782959,21.080873489379883,21.080860137939453,1.448108105250867E-5,-0.2205902487039566,59.1840705871582
8.280000000000004E-6,-0.9247854948043823,21.075214385986328,21.075199127197266,1.448107559554046E-5,-0.2219485193490982,59.17972946166992
8.290000000000004E-6,-0.9304445385932922,21.069555282592773,21.06954002380371,1.4481069229077548E-5,-0.22330668568611145,59.17536926269531
8.300000000000004E-6,-0.9361032247543335,21.06389617919922,21.06388282775879,1.4481063772109337E-5,-0.22466476261615753,59.170989990234375
8.310000000000005E-6,-0.9417614340782166,21.058238983154297,21.058223724365234,1.4481058315141127E-5,-0.22602273523807526,59.166595458984375
8.320000000000005E-6,-0.9474192261695862,21.052579879760742,21.052566528320312,1.4481052858172916E-5,-0.22738061845302582,59.16218185424805
8.330000000000005E-6,-0.9530766010284424,21.04692268371582,21.04690933227539,1.4481046491710003E-5,-0.22873838245868683,59.15774917602539
8.340000000000005E-6,-0.9587335586547852,21.04126739501953,21.04125213623047,1.4481041034741793E-5,-0.23009605705738068,59.153297424316406
8.350000000000005E-6,-0.9643900990486145,21.03561019897461,21.035594940185547,1.4481035577773582E-5,-0.23145361244678497,59.14883041381836
8.360000000000005E-6,-0.9700461626052856,21.029953002929688,21.029939651489258,1.4481030120805372E-5,-0.2328110784292221,59.144344329833984
8.370000000000005E-6,-0.9757018685340881,21.0242977142334,21.02428436279297,1.4481024663837161E-5,-0.23416844010353088,59.13983917236328
8.380000000000004E-6,-0.9813570976257324,21.01864242553711,21.01862907409668,1.4481018297374249E-5,-0.2355256974697113,59.13531494140625
8.390000000000004E-6,-0.9870119094848633,21.012989044189453,21.01297378540039,1.4481012840406038E-5,-0.23688285052776337,59.130775451660156
8.400000000000004E-6,-0.9926662445068359,21.007333755493164,21.0073184967041,1.4481007383437827E-5,-0.23823989927768707,59.126216888427734
8.410000000000004E-6,-0.9983201622962952,21.001680374145508,21.001665115356445,1.4481001926469617E-5,-0.23959684371948242,59.121639251708984
8.420000000000004E-6,-1.0039737224578857,20.99602699279785,20.99601173400879,1.4480995560006704E-5,-0.24095368385314941,59.117042541503906
8.430000000000004E-6,-1.0096267461776733,20.990373611450195,20.990358352661133,1.4480990103038494E-5,-0.24231041967868805,59.112430572509766
8.440000000000004E-6,-1.0152792930603027,20.98472023010254,20.98470687866211,1.4480984646070283E-5,-0.24366703629493713,59.1077995300293
8.450000000000004E-6,-1.0209314823150635,20.979068756103516,20.979053497314453,1.4480979189102072E-5,-0.24502356350421906,59.1031494140625
8.460000000000004E-6,-1.026583194732666,20.973417282104492,20.97340202331543,1.4480973732133862E-5,-0.24637997150421143,59.098480224609375
8.470000000000004E-6,-1.0322344303131104,20.96776580810547,20.967750549316406,1.448096736567095E-5,-0.24773627519607544,59.09379577636719
8.480000000000005E-6,-1.037885308265686,20.962114334106445,20.962100982666016,1.4480961908702739E-5,-0.2490924745798111,59.089088439941406
8.490000000000005E-6,-1.0435357093811035,20.956464767456055,20.956449508666992,1.4480956451734528E-5,-0.2504485547542572,59.08436584472656
8.500000000000005E-6,-1.0491856336593628,20.950815200805664,20.9507999420166,1.4480950994766317E-5,-0.25180453062057495,59.079627990722656
8.510000000000005E-6,-1.0548350811004639,20.945165634155273,20.94515037536621,1.4480945537798107E-5,-0.25316041707992554,59.074867248535156
8.520000000000005E-6,-1.0604840517044067,20.939516067504883,20.93950080871582,1.4480939171335194E-5,-0.2545161843299866,59.070091247558594
8.530000000000005E-6,-1.066132664680481,20.933866500854492,20.933853149414062,1.4480933714366984E-5,-0.25587183237075806,59.0652961730957
8.540000000000005E-6,-1.0717806816101074,20.928218841552734,20.928205490112305,1.4480928257398773E-5,-0.25722736120224,59.06048583984375
8.550000000000005E-6,-1.0774283409118652,20.922571182250977,20.922557830810547,1.4480922800430562E-5,-0.25858280062675476,59.0556526184082
8.560000000000004E-6,-1.0830755233764648,20.91692543029785,20.91691017150879,1.4480917343462352E-5,-0.25993812084198,59.050804138183594
8.570000000000004E-6,-1.0887222290039062,20.911277770996094,20.91126251220703,1.448091097699944E-5,-0.26129332184791565,59.045936584472656
8.580000000000004E-6,-1.0943684577941895,20.90563201904297,20.905616760253906,1.4480905520031229E-5,-0.26264843344688416,59.04104995727539
8.590000000000004E-6,-1.1000142097473145,20.899986267089844,20.89997100830078,1.4480900063063018E-5,-0.2640034258365631,59.03614807128906
8.600000000000004E-6,-1.1056594848632812,20.89434051513672,20.894325256347656,1.4480894606094807E-5,-0.2653582692146301,59.031227111816406
8.610000000000004E-6,-1.1113044023513794,20.888694763183594,20.888681411743164,1.4480888239631895E-5,-0.26671305298805237,59.02628707885742
8.620000000000004E-6,-1.1169487237930298,20.8830509185791,20.883037567138672,1.4480882782663684E-5,-0.26806768774986267,59.02132797241211
8.630000000000004E-6,-1.122592568397522,20.87740707397461,20.87739372253418,1.4480877325695474E-5,-0.2694222331047058,59.016353607177734
8.640000000000004E-6,-1.128235936164856,20.871763229370117,20.871749877929688,1.4480871868727263E-5,-0.270776629447937,59.01136016845703
8.650000000000005E-6,-1.1338789463043213,20.866121292114258,20.866106033325195,1.4480866411759052E-5,-0.27213093638420105,59.00634765625
8.660000000000005E-6,-1.1395213603973389,20.8604793548584,20.860464096069336,1.448086004529614E-5,-0.27348512411117554,59.00131607055664
8.670000000000005E-6,-1.1451632976531982,20.85483741760254,20.854822158813477,1.448085458832793E-5,-0.2748391926288605,58.99626922607422
8.680000000000005E-6,-1.1508047580718994,20.84919548034668,20.849180221557617,1.4480849131359719E-5,-0.27619314193725586,58.99120330810547
8.690000000000005E-6,-1.1564457416534424,20.84355354309082,20.84354019165039,1.4480843674391508E-5,-0.2775470018386841,58.98611831665039
8.700000000000005E-6,-1.1620862483978271,20.837913513183594,20.837900161743164,1.4480838217423297E-5,-0.27890071272850037,58.98101806640625
8.710000000000005E-6,-1.1677262783050537,20.832273483276367,20.832260131835938,1.4480831850960385E-5,-0.2802543044090271,58.975894927978516
8.720000000000005E-6,-1.173365831375122,20.82663345336914,20.82662010192871,1.4480826393992174E-5,-0.28160780668258667,58.97075653076172
8.730000000000005E-6,-1.1790049076080322,20.820995330810547,20.820980072021484,1.4480820937023964E-5,-0.2829611599445343,58.965599060058594
8.740000000000004E-6,-1.1846433877944946,20.815357208251953,20.81534194946289,1.4480815480055753E-5,-0.28431442379951477,58.960426330566406
8.750000000000004E-6,-1.1902815103530884,20.80971908569336,20.809703826904297,1.4480810023087543E-5,-0.2856675684452057,58.95523452758789
8.760000000000004E-6,-1.1959190368652344,20.804080963134766,20.804065704345703,1.448080365662463E-5,-0.28702056407928467,58.95002365112305
8.770000000000004E-6,-1.2015560865402222,20.798444747924805,20.798429489135742,1.448079819965642E-5,-0.2883734703063965,58.944793701171875
8.780000000000004E-6,-1.2071926593780518,20.79280662536621,20.79279327392578,1.4480792742688209E-5,-0.28972622752189636,58.93954849243164
8.790000000000004E-6,-1.2128287553787231,20.78717041015625,20.78715705871582,1.4480787285719998E-5,-0.2910788953304291,58.93428039550781
8.800000000000004E-6,-1.2184642553329468,20.781536102294922,20.78152084350586,1.4480781828751788E-5,-0.29243141412734985,58.92899703979492
8.810000000000004E-6,-1.2240992784500122,20.77589988708496,20.77588653564453,1.4480775462288875E-5,-0.29378384351730347,58.92369842529297
8.820000000000005E-6,-1.2297338247299194,20.770265579223633,20.770252227783203,1.4480770005320664E-5,-0.29513612389564514,58.91837692260742
8.830000000000005E-6,-1.2353678941726685,20.764631271362305,20.764617919921875,1.4480764548352454E-5,-0.29648828506469727,58.91304016113281
8.840000000000005E-6,-1.2410013675689697,20.75899887084961,20.758983612060547,1.4480759091384243E-5,-0.29784032702445984,58.907684326171875
8.850000000000005E-6,-1.2466343641281128,20.753366470336914,20.75335121154785,1.4480753634416033E-5,-0.29919224977493286,58.902313232421875
8.860000000000005E-6,-1.2522668838500977,20.74773406982422,20.747718811035156,1.448074726795312E-5,-0.30054405331611633,58.89692306518555
8.870000000000005E-6,-1.2578988075256348,20.742101669311523,20.74208641052246,1.448074181098491E-5,-0.30189570784568787,58.891510009765625
8.880000000000005E-6,-1.2635302543640137,20.736469268798828,20.7364559173584,1.4480736354016699E-5,-0.30324727296829224,58.886085510253906
8.890000000000005E-6,-1.2691612243652344,20.730838775634766,20.730823516845703,1.4480730897048488E-5,-0.30459868907928467,58.880638122558594
8.900000000000005E-6,-1.2747915983200073,20.725208282470703,20.72519302368164,1.4480725440080278E-5,-0.30594998598098755,58.87517547607422
8.910000000000004E-6,-1.2667803764343262,20.733219146728516,-1.443926703359466E-5,20.733234405517578,-0.3040272891521454,58.87301254272461
8.920000000000004E-6,-1.258768916130066,20.74123191833496,-1.4439258848142345E-5,20.74124526977539,-0.30210453271865845,58.870872497558594
8.930000000000004E-6,-1.2507572174072266,20.749242782592773,-1.4439250662690029E-5,20.749258041381836,-0.30018171668052673,58.8687629699707
8.940000000000004E-6,-1.2427453994750977,20.75725555419922,-1.4439242477237713E-5,20.75726890563965,-0.29825887084007263,58.866676330566406
8.950000000000004E-6,-1.2347333431243896,20.76526641845703,-1.4439234291785397E-5,20.765281677246094,-0.29633599519729614,58.86461639404297
8.960000000000004E-6,-1.2267210483551025,20.773279190063477,-1.4439227015827782E-5,20.773292541503906,-0.2944130599498749,58.86258316040039
8.970000000000004E-6,-1.2187086343765259,20.781291961669922,-1.4439218830375466E-5,20.78130531311035,-0.29249006509780884,58.860572814941406
8.980000000000004E-6,-1.2106961011886597,20.789304733276367,-1.443921064492315E-5,20.789318084716797,-0.2905670404434204,58.85858917236328
8.990000000000005E-6,-1.2026833295822144,20.797317504882812,-1.4439202459470835E-5,20.797330856323242,-0.2886439859867096,58.85663604736328
9.000000000000005E-6,-1.19467031955719,20.805330276489258,-1.4439194274018519E-5,20.805343627929688,-0.286720871925354,58.85470199584961
9.010000000000005E-6,-1.186657190322876,20.813343048095703,-1.4439186998060904E-5,20.813356399536133,-0.284797728061676,58.85279846191406
9.020000000000005E-6,-1.1786439418792725,20.82135581970215,-1.4439178812608588E-5,20.82137107849121,-0.28287455439567566,58.850921630859375
9.030000000000005E-6,-1.1706304550170898,20.829368591308594,-1.4439170627156273E-5,20.829383850097656,-0.2809513211250305,58.84906768798828
9.040000000000005E-6,-1.1626168489456177,20.837383270263672,-1.4439162441703957E-5,20.8373966217041,-0.2790280282497406,58.84724044799805
9.050000000000005E-6,-1.1546030044555664,20.845396041870117,-1.443915425625164E-5,20.84541130065918,-0.2771047353744507,58.84543991088867
9.060000000000005E-6,-1.1465891599655151,20.853410720825195,-1.4439146980294026E-5,20.853425979614258,-0.275181382894516,58.84366226196289
9.070000000000005E-6,-1.1385749578475952,20.861425399780273,-1.443913879484171E-5,20.861438751220703,-0.2732580006122589,58.841915130615234
9.080000000000005E-6,-1.1305607557296753,20.86944007873535,-1.4439130609389395E-5,20.86945343017578,-0.27133458852767944,58.84019088745117
9.090000000000004E-6,-1.1225463151931763,20.877452850341797,-1.4439122423937079E-5,20.87746810913086,-0.2694111168384552,58.83849334716797
9.100000000000004E-6,-1.1145317554473877,20.885467529296875,-1.4439114238484763E-5,20.885482788085938,-0.26748761534690857,58.836822509765625
9.110000000000004E-6,-1.1065170764923096,20.893482208251953,-1.4439106053032447E-5,20.893497467041016,-0.26556411385536194,58.835174560546875
9.120000000000004E-6,-1.098502278327942,20.90149688720703,-1.4439098777074832E-5,20.901512145996094,-0.26364052295684814,58.833553314208984
9.130000000000004E-6,-1.0904872417449951,20.909513473510742,-1.4439090591622517E-5,20.909526824951172,-0.26171693205833435,58.83196258544922
9.140000000000004E-6,-1.0824720859527588,20.91752815246582,-1.44390824061702E-5,20.91754150390625,-0.25979331135749817,58.83039093017578
9.150000000000006E-6,-1.074456810951233,20.9255428314209,-1.4439074220717885E-5,20.92555809020996,-0.2578696310520172,58.82884979248047
9.160000000000005E-6,-1.0664414167404175,20.93355941772461,-1.4439066035265569E-5,20.93357276916504,-0.25594595074653625,58.827335357666016
9.170000000000005E-6,-1.0584259033203125,20.941574096679688,-1.4439058759307954E-5,20.94158935546875,-0.2540222108364105,58.825843811035156
9.180000000000005E-6,-1.0504101514816284,20.9495906829834,-1.4439050573855639E-5,20.949604034423828,-0.2520984411239624,58.824378967285156
9.190000000000005E-6,-1.0423943996429443,20.957605361938477,-1.4439042388403323E-5,20.95762062072754,-0.2501746714115143,58.822940826416016
9.200000000000005E-6,-1.0343785285949707,20.965621948242188,-1.4439034202951007E-5,20.965635299682617,-0.2482508420944214,58.82152557373047
9.210000000000005E-6,-1.026362419128418,20.973636627197266,-1.443902601749869E-5,20.973651885986328,-0.2463269829750061,58.82014083862305
9.220000000000005E-6,-1.0183463096618652,20.981653213500977,-1.4439018741541076E-5,20.98166847229004,-0.24440310895442963,58.81877899169922
9.230000000000005E-6,-1.0103299617767334,20.989669799804688,-1.443901055608876E-5,20.98968505859375,-0.24247919023036957,58.81744384765625
9.240000000000005E-6,-1.0023136138916016,20.9976863861084,-1.4439002370636445E-5,20.99770164489746,-0.24055525660514832,58.81613540649414
9.250000000000005E-6,-0.9942970275878906,21.00570297241211,-1.4438994185184129E-5,21.005718231201172,-0.23863129317760468,58.814849853515625
9.260000000000005E-6,-0.9862804412841797,21.01371955871582,-1.4438985999731813E-5,21.013734817504883,-0.23670729994773865,58.813594818115234
9.270000000000004E-6,-0.9782636761665344,21.02173614501953,-1.4438977814279497E-5,21.021751403808594,-0.23478327691555023,58.81236267089844
9.280000000000004E-6,-0.9702468514442444,21.029752731323242,-1.4438970538321882E-5,21.029767990112305,-0.23285923898220062,58.8111572265625
9.290000000000004E-6,-0.9622299075126648,21.037769317626953,-1.4438962352869567E-5,21.037784576416016,-0.23093517124652863,58.809974670410156
9.300000000000004E-6,-0.9542128443717957,21.045787811279297,-1.443895416741725E-5,21.045801162719727,-0.22901108860969543,58.80882263183594
9.310000000000004E-6,-0.9461957216262817,21.053804397583008,-1.4438945981964935E-5,21.053817749023438,-0.22708696126937866,58.80769348144531
9.320000000000006E-6,-0.9381784796714783,21.06182098388672,-1.4438937796512619E-5,21.06183624267578,-0.2251628339290619,58.80659103393555
9.330000000000006E-6,-0.9301611185073853,21.069839477539062,-1.4438930520555004E-5,21.069852828979492,-0.22323866188526154,58.80551528930664
9.340000000000005E-6,-0.9221436977386475,21.077856063842773,-1.4438922335102689E-5,21.077871322631836,-0.22131448984146118,58.804466247558594
9.350000000000005E-6,-0.9141261577606201,21.085874557495117,-1.4438914149650373E-5,21.085887908935547,-0.21939027309417725,58.80344009399414
9.360000000000005E-6,-0.906108558177948,21.093891143798828,-1.4438905964198057E-5,21.09390640258789,-0.2174660563468933,58.80244064331055
9.370000000000005E-6,-0.8980908393859863,21.101909637451172,-1.443889777874574E-5,21.1019229888916,-0.215541809797287,58.80146789550781
9.380000000000005E-6,-0.8900731205940247,21.109926223754883,-1.4438890502788126E-5,21.109941482543945,-0.21361754834651947,58.80052185058594
9.390000000000005E-6,-0.8820552229881287,21.117944717407227,-1.443888231733581E-5,21.11795997619629,-0.21169325709342957,58.79960250854492
9.400000000000005E-6,-0.8740373253822327,21.12596321105957,-1.4438874131883495E-5,21.1259765625,-0.20976895093917847,58.7987060546875
9.410000000000005E-6,-0.8660193085670471,21.13397979736328,-1.4438865946431179E-5,21.133995056152344,-0.20784462988376617,58.79783630371094
9.420000000000005E-6,-0.8580012321472168,21.141998291015625,-1.4438857760978863E-5,21.142013549804688,-0.2059202939271927,58.796993255615234
9.430000000000005E-6,-0.8499830961227417,21.15001678466797,-1.4438849575526547E-5,21.15003204345703,-0.203995943069458,58.79617691040039
9.440000000000004E-6,-0.8419649004936218,21.158035278320312,-1.4438842299568933E-5,21.158048629760742,-0.20207157731056213,58.79538345336914
9.450000000000004E-6,-0.8339465856552124,21.166053771972656,-1.4438834114116617E-5,21.166067123413086,-0.20014718174934387,58.79461669921875
9.460000000000004E-6,-0.825928270816803,21.174072265625,-1.44388259286643E-5,21.17408561706543,-0.1982227861881256,58.79387664794922
9.470000000000004E-6,-0.8179098963737488,21.182090759277344,-1.4438817743211985E-5,21.182104110717773,-0.19629837572574615,58.79316329956055
9.480000000000004E-6,-0.809891402721405,21.190109252929688,-1.4438809557759669E-5,21.190122604370117,-0.1943739354610443,58.792476654052734
9.490000000000006E-6,-0.8018729090690613,21.19812774658203,-1.4438802281802054E-5,21.19814109802246,-0.19244949519634247,58.791812896728516
9.500000000000006E-6,-0.7938543558120728,21.206146240234375,-1.4438794096349739E-5,21.206159591674805,-0.19052504003047943,58.791175842285156
9.510000000000006E-6,-0.7858357429504395,21.21416473388672,-1.4438785910897423E-5,21.21417808532715,-0.1886005699634552,58.790565490722656
9.520000000000005E-6,-0.7778170704841614,21.222183227539062,-1.4438777725445107E-5,21.222196578979492,-0.18667609989643097,58.789981842041016
9.530000000000005E-6,-0.7697983980178833,21.230201721191406,-1.443876953999279E-5,21.230215072631836,-0.18475161492824554,58.789424896240234
9.540000000000005E-6,-0.7617796063423157,21.23822021484375,-1.4438761354540475E-5,21.238235473632812,-0.18282711505889893,58.78889083862305
9.550000000000005E-6,-0.753760814666748,21.246238708496094,-1.443875407858286E-5,21.246253967285156,-0.1809026002883911,58.78838348388672
9.560000000000005E-6,-0.7457420229911804,21.254257202148438,-1.4438745893130545E-5,21.2542724609375,-0.1789780855178833,58.78790283203125
9.570000000000005E-6,-0.737723171710968,21.262277603149414,-1.4438737707678229E-5,21.262290954589844,-0.1770535558462143,58.78744888305664
9.580000000000005E-6,-0.7297042608261108,21.270296096801758,-1.4438729522225913E-5,21.270309448242188,-0.1751290261745453,58.787017822265625
9.590000000000005E-6,-0.7216853499412537,21.2783145904541,-1.4438721336773597E-5,21.278329849243164,-0.1732044816017151,58.78661346435547
9.600000000000005E-6,-0.7136663794517517,21.286333084106445,-1.4438714060815983E-5,21.286348342895508,-0.1712799370288849,58.78623580932617
9.610000000000005E-6,-0.7056474089622498,21.294353485107422,-1.4438705875363667E-5,21.29436683654785,-0.1693553775548935,58.785884857177734
9.620000000000004E-6,-0.697628378868103,21.302371978759766,-1.443869768991135E-5,21.302385330200195,-0.1674308180809021,58.785560607910156
9.630000000000004E-6,-0.6896093487739563,21.31039047241211,-1.4438689504459035E-5,21.310405731201172,-0.1655062437057495,58.78525924682617
9.640000000000004E-6,-0.6815903186798096,21.318408966064453,-1.4438681319006719E-5,21.318424224853516,-0.16358168423175812,58.78498458862305
9.650000000000004E-6,-0.6735712885856628,21.32642936706543,-1.4438673133554403E-5,21.32644271850586,-0.16165710985660553,58.78473663330078
9.660000000000006E-6,-0.6655521988868713,21.334447860717773,-1.4438665857596789E-5,21.334463119506836,-0.15973253548145294,58.784515380859375
9.670000000000006E-6,-0.6575331091880798,21.342466354370117,-1.4438657672144473E-5,21.34248161315918,-0.15780794620513916,58.78431701660156
9.680000000000006E-6,-0.6495140194892883,21.350486755371094,-1.4438649486692157E-5,21.350500106811523,-0.15588337182998657,58.784149169921875
9.690000000000005E-6,-0.6414949297904968,21.358505249023438,-1.443864130123984E-5,21.358518600463867,-0.1539587825536728,58.78400421142578
9.700000000000005E-6,-0.6334758400917053,21.36652374267578,-1.4438633115787525E-5,21.366539001464844,-0.1520342081785202,58.78388214111328
9.710000000000005E-6,-0.6254567503929138,21.374544143676758,-1.443862583982991E-5,21.374557495117188,-0.15010961890220642,58.783790588378906
9.720000000000005E-6,-0.6174376606941223,21.3825626373291,-1.4438617654377595E-5,21.38257598876953,-0.14818502962589264,58.783721923828125
9.730000000000005E-6,-0.6094185709953308,21.390581130981445,-1.4438609468925279E-5,21.390596389770508,-0.14626045525074005,58.78368377685547
9.740000000000005E-6,-0.6013994812965393,21.39859962463379,-1.4438601283472963E-5,21.39861488342285,-0.14433586597442627,58.783668518066406
9.750000000000005E-6,-0.5933803915977478,21.406620025634766,-1.4438593098020647E-5,21.406633377075195,-0.14241129159927368,58.78367614746094
9.760000000000005E-6,-0.5853613018989563,21.41463851928711,-1.443858491256833E-5,21.414653778076172,-0.1404867172241211,58.783714294433594
9.770000000000005E-6,-0.5773422718048096,21.422657012939453,-1.4438577636610717E-5,21.422672271728516,-0.1385621428489685,58.783775329589844
9.780000000000005E-6,-0.5693231821060181,21.43067741394043,-1.44385694511584E-5,21.43069076538086,-0.13663756847381592,58.78386306762695
9.790000000000005E-6,-0.5613042116165161,21.438695907592773,-1.4438561265706085E-5,21.438709259033203,-0.13471300899982452,58.78397750854492
9.800000000000004E-6,-0.5532851815223694,21.446714401245117,-1.4438553080253769E-5,21.44672966003418,-0.13278844952583313,58.78411865234375
9.810000000000004E-6,-0.5452662110328674,21.45473289489746,-1.4438544894801453E-5,21.454748153686523,-0.13086389005184174,58.78428268432617
9.820000000000004E-6,-0.5372472405433655,21.462753295898438,-1.4438537618843839E-5,21.462766647338867,-0.12893934547901154,58.78447341918945
9.830000000000006E-6,-0.5292283296585083,21.47077178955078,-1.4438529433391523E-5,21.47078514099121,-0.12701480090618134,58.784690856933594
9.840000000000006E-6,-0.5212094187736511,21.478790283203125,-1.4438521247939207E-5,21.478805541992188,-0.12509027123451233,58.784934997558594
9.850000000000006E-6,-0.5131905674934387,21.48680877685547,-1.443851306248689E-5,21.48682403564453,-0.12316574156284332,58.78520584106445
9.860000000000006E-6,-0.5051717758178711,21.494829177856445,-1.4438504877034575E-5,21.494842529296875,-0.12124121934175491,58.785499572753906
9.870000000000005E-6,-0.4971529543399811,21.50284767150879,-1.4438496691582259E-5,21.50286102294922,-0.1193167120218277,58.78582000732422
9.880000000000005E-6,-0.4891342222690582,21.510866165161133,-1.4438489415624645E-5,21.510879516601562,-0.11739221215248108,58.78616714477539
9.890000000000005E-6,-0.48111552000045776,21.518884658813477,-1.4438481230172329E-5,21.518898010253906,-0.11546771973371506,58.78654098510742
9.900000000000005E-6,-0.4730968475341797,21.52690315246582,-1.4438473044720013E-5,21.526918411254883,-0.11354324221611023,58.78693771362305
9.910000000000005E-6,-0.4650782346725464,21.534921646118164,-1.4438464859267697E-5,21.534936904907227,-0.1116187795996666,58.78736114501953
9.920000000000005E-6,-0.45705968141555786,21.542940139770508,-1.443845667381538E-5,21.54295539855957,-0.10969432443380356,58.787811279296875
9.930000000000005E-6,-0.4490411579608917,21.55095863342285,-1.4438449397857767E-5,21.550973892211914,-0.10776987671852112,58.78828811645508
9.940000000000005E-6,-0.44102272391319275,21.558977127075195,-1.443844121240545E-5,21.558992385864258,-0.10584545135498047,58.788787841796875
9.950000000000005E-6,-0.43300431966781616,21.56699562072754,-1.4438433026953135E-5,21.5670108795166,-0.10392103344202042,58.7893180847168
9.960000000000005E-6,-0.42498597502708435,21.575014114379883,-1.4438424841500819E-5,21.575027465820312,-0.10199663043022156,58.78987121582031
9.970000000000004E-6,-0.4169676899909973,21.583032608032227,-1.4438416656048503E-5,21.583045959472656,-0.10007224977016449,58.79045104980469
9.980000000000004E-6,-0.40894949436187744,21.59105110168457,-1.4438409380090889E-5,21.591064453125,-0.09814787656068802,58.791053771972656
9.990000000000006E-6,-0.40093135833740234,21.599069595336914,-1.4438401194638573E-5,21.599082946777344,-0.09622352570295334,58.79168701171875
1.0000000000000006E-5,-0.392913281917572,21.607086181640625,-1.4438393009186257E-5,21.607101440429688,-0.09429918229579926,58.79234313964844
1.0010000000000006E-5,-0.3848952651023865,21.61510467529297,-1.443838482373394E-5,21.61511993408203,-0.09237486124038696,58.793025970458984
1.0020000000000006E-5,-0.3768773376941681,21.623123168945312,-1.4438376638281625E-5,21.623136520385742,-0.09045056253671646,58.79373550415039
1.0030000000000006E-5,-0.36885949969291687,21.631139755249023,-1.4438368452829309E-5,21.631155014038086,-0.08852627873420715,58.79446792602539
1.0040000000000006E-5,-0.3608417212963104,21.639158248901367,-1.4438361176871695E-5,21.63917350769043,-0.08660200983285904,58.795230865478516
1.0050000000000005E-5,-0.35282403230667114,21.64717674255371,-1.4438352991419379E-5,21.64719009399414,-0.08467777073383331,58.796016693115234
1.0060000000000005E-5,-0.344806432723999,21.655193328857422,-1.4438344805967063E-5,21.655208587646484,-0.08275353908538818,58.79682540893555
1.0070000000000005E-5,-0.3367888927459717,21.663211822509766,-1.4438336620514747E-5,21.663225173950195,-0.08082933723926544,58.797664642333984
1.0080000000000005E-5,-0.3287714719772339,21.671228408813477,-1.443832843506243E-5,21.67124366760254,-0.0789051502943039,58.798526763916016
1.0090000000000005E-5,-0.32075414061546326,21.679244995117188,-1.4438321159104817E-5,21.67926025390625,-0.07698099315166473,58.79941940307617
1.0100000000000005E-5,-0.3127368986606598,21.68726348876953,-1.44383129736525E-5,21.68727684020996,-0.07505685091018677,58.80033493041992
1.0110000000000005E-5,-0.3047197461128235,21.695280075073242,-1.4438304788200185E-5,21.695295333862305,-0.07313273847103119,58.801273345947266
1.0120000000000005E-5,-0.29670268297195435,21.703296661376953,-1.4438296602747869E-5,21.703311920166016,-0.0712086483836174,58.802242279052734
1.0130000000000005E-5,-0.28868573904037476,21.711315155029297,-1.4438288417295553E-5,21.711328506469727,-0.0692845806479454,58.8032341003418
1.0140000000000005E-5,-0.2806689143180847,21.719331741333008,-1.4438280231843237E-5,21.719345092773438,-0.0673605352640152,58.80425262451172
1.0150000000000004E-5,-0.27265214920043945,21.72734832763672,-1.4438272955885623E-5,21.72736167907715,-0.06543651968240738,58.8052978515625
1.0160000000000006E-5,-0.26463553309440613,21.73536491394043,-1.4438264770433307E-5,21.73537826538086,-0.06351252645254135,58.806365966796875
1.0170000000000006E-5,-0.25661900639533997,21.74338150024414,-1.443825658498099E-5,21.74339485168457,-0.06158856302499771,58.807464599609375
1.0180000000000006E-5,-0.24860261380672455,21.75139808654785,-1.4438248399528675E-5,21.75141143798828,-0.05966462567448616,58.80858612060547
1.0190000000000006E-5,-0.2405863106250763,21.75941276550293,-1.4438240214076359E-5,21.759428024291992,-0.0577407144010067,58.80973434448242
1.0200000000000006E-5,-0.23257014155387878,21.76742935180664,-1.4438232938118745E-5,21.767444610595703,-0.05581683665513992,58.810909271240234
1.0210000000000006E-5,-0.22455409169197083,21.77544593811035,-1.4438224752666429E-5,21.775461196899414,-0.05389298126101494,58.81210708618164
1.0220000000000005E-5,-0.21653816103935242,21.783462524414062,-1.4438216567214113E-5,21.783475875854492,-0.05196915939450264,58.813331604003906
1.0230000000000005E-5,-0.20852236449718475,21.79147720336914,-1.4438208381761797E-5,21.791492462158203,-0.05004536733031273,58.81458282470703
1.0240000000000005E-5,-0.20050668716430664,21.79949378967285,-1.443820019630948E-5,21.79950714111328,-0.048121605068445206,58.815860748291016
1.0250000000000005E-5,-0.19249114394187927,21.80750846862793,-1.4438192920351867E-5,21.807523727416992,-0.04619787633419037,58.817161560058594
1.0260000000000005E-5,-0.18447573482990265,21.81552505493164,-1.443818473489955E-5,21.81553840637207,-0.04427417740225792,58.8184928894043
1.0270000000000005E-5,-0.17646045982837677,21.82353973388672,-1.4438176549447235E-5,21.82355308532715,-0.042350511997938156,58.819847106933594
1.0280000000000005E-5,-0.16844531893730164,21.831554412841797,-1.4438168363994919E-5,21.83156967163086,-0.04042687639594078,58.82122802734375
1.0290000000000005E-5,-0.16043032705783844,21.839569091796875,-1.4438160178542603E-5,21.839584350585938,-0.03850327804684639,58.8226318359375
1.0300000000000005E-5,-0.152415469288826,21.847583770751953,-1.4438151993090287E-5,21.847599029541016,-0.036579713225364685,58.824066162109375
1.0310000000000005E-5,-0.14440076053142548,21.85559844970703,-1.4438144717132673E-5,21.855613708496094,-0.034656181931495667,58.825523376464844
1.0320000000000005E-5,-0.1363862007856369,21.86361312866211,-1.4438136531680357E-5,21.863628387451172,-0.03273268789052963,58.82700729370117
1.0330000000000006E-5,-0.12837179005146027,21.871627807617188,-1.443812834622804E-5,21.87164306640625,-0.030809229239821434,58.828514099121094
1.0340000000000006E-5,-0.12035752832889557,21.879642486572266,-1.4438120160775725E-5,21.879657745361328,-0.02888580597937107,58.83005142211914
1.0350000000000006E-5,-0.11234342306852341,21.887657165527344,-1.4438111975323409E-5,21.887670516967773,-0.02696242183446884,58.83161163330078
1.0360000000000006E-5,-0.10432947427034378,21.89566993713379,-1.4438104699365795E-5,21.89568519592285,-0.025039074942469597,58.83319854736328
1.0370000000000006E-5,-0.09631568938493729,21.903684616088867,-1.4438096513913479E-5,21.903697967529297,-0.023115765303373337,58.83481216430664
1.0380000000000006E-5,-0.08830206096172333,21.911697387695312,-1.4438088328461163E-5,21.911712646484375,-0.02119249477982521,58.836448669433594
1.0390000000000006E-5,-0.0802886039018631,21.91971206665039,-1.4438080143008847E-5,21.91972541809082,-0.019269263371825218,58.838111877441406
1.0400000000000005E-5,-0.0722753033041954,21.927724838256836,-1.443807195755653E-5,21.927738189697266,-0.01734607294201851,58.83980178833008
1.0410000000000005E-5,-0.06426218152046204,21.93573760986328,-1.4438064681598917E-5,21.935752868652344,-0.015422923490405083,58.84151840209961
1.0420000000000005E-5,-0.0562492273747921,21.943750381469727,-1.44380564961466E-5,21.94376564025879,-0.01349981501698494,58.84326171875
1.0430000000000005E-5,-0.04823644831776619,21.951763153076172,-1.4438048310694285E-5,21.951778411865234,-0.01157674752175808,58.845027923583984
1.0440000000000005E-5,-0.040223848074674606,21.959775924682617,-1.4438040125241969E-5,21.95979118347168,-0.009653723798692226,58.84682083129883
1.0450000000000005E-5,-0.03221142664551735,21.967788696289062,-1.4438031939789653E-5,21.967802047729492,-0.007730741985142231,58.84864044189453
1.0460000000000005E-5,-0.02419918403029442,21.975801467895508,-1.4438023754337337E-5,21.975814819335938,-0.0058078039437532425,58.850486755371094
1.0470000000000005E-5,-0.01618712581694126,21.98381233215332,-1.4438016478379723E-5,21.983827590942383,-0.003884910373017192,58.85235595703125
1.0480000000000005E-5,-0.008175255730748177,21.991825103759766,-1.4438008292927407E-5,21.991838455200195,-0.001962061505764723,58.854251861572266
1.0490000000000005E-5,-1.6357425192836672E-4,21.999835968017578,-1.443800010747509E-5,21.99985122680664,-3.925781857105903E-5,58.85617446899414
1.0500000000000006E-5,0.007847916334867477,22.007848739624023,-1.4437991922022775E-5,22.007862091064453,0.001883499906398356,58.858123779296875
1.0510000000000006E-5,0.0158592127263546,22.015859603881836,-1.4437983736570459E-5,22.015872955322266,0.0038062110543251038,58.8600959777832
1.0520000000000006E-5,0.02387031354010105,22.02387046813965,-1.4437976460612845E-5,22.023883819580078,0.005728875286877155,58.86209487915039
1.0530000000000006E-5,0.031881216913461685,22.03188133239746,-1.4437968275160529E-5,22.03189468383789,0.007651491556316614,58.86412048339844
1.0540000000000006E-5,0.03989191725850105,22.039892196655273,-1.4437960089708213E-5,22.039905548095703,0.009574059396982193,58.866172790527344
1.0550000000000006E-5,0.047902412712574005,22.047903060913086,-1.4437951904255897E-5,22.047916412353516,0.01149657927453518,58.86825180053711
1.0560000000000006E-5,0.05591270327568054,22.055912017822266,-1.4437943718803581E-5,22.055927276611328,0.013419048860669136,58.87035369873047
1.0570000000000006E-5,0.06392278522253036,22.063922882080078,-1.4437936442845967E-5,22.063936233520508,0.015341469086706638,58.87248229980469
1.0580000000000005E-5,0.07193265855312347,22.071931838989258,-1.443792825739365E-5,22.07194709777832,0.01726383902132511,58.874637603759766
1.0590000000000005E-5,0.07994231581687927,22.07994270324707,-1.4437920071941335E-5,22.0799560546875,0.01918615587055683,58.87681579589844
1.0600000000000005E-5,0.08795176446437836,22.08795166015625,-1.4437911886489019E-5,22.087966918945312,0.021108422428369522,58.87902069091797
1.0610000000000005E-5,0.09596098959445953,22.09596061706543,-1.4437903701036703E-5,22.095975875854492,0.023030636832118034,58.88125228881836
1.0620000000000005E-5,0.1039699912071228,22.10396957397461,-1.4437896425079089E-5,22.103984832763672,0.02495279721915722,58.88351058959961
1.0630000000000005E-5,0.11197876930236816,22.11197853088379,-1.4437888239626773E-5,22.11199378967285,0.026874905452132225,58.88579559326172
1.0640000000000005E-5,0.11998733133077621,22.11998748779297,-1.4437880054174457E-5,22.1200008392334,0.028796959668397903,58.88810348510742
1.0650000000000005E-5,0.12799565494060516,22.12799644470215,-1.443787186872214E-5,22.128009796142578,0.030718958005309105,58.890438079833984
1.0660000000000006E-5,0.1360037624835968,22.136003494262695,-1.4437863683269825E-5,22.136018753051758,0.03264090046286583,58.892799377441406
1.0670000000000006E-5,0.14401161670684814,22.144012451171875,-1.443785640731221E-5,22.144025802612305,0.034562788903713226,58.89518737792969
1.0680000000000006E-5,0.15201924741268158,22.152019500732422,-1.4437848221859895E-5,22.15203285217285,0.036484621465206146,58.89759826660156
1.0690000000000006E-5,0.1600266396999359,22.16002655029297,-1.4437840036407579E-5,22.16004180908203,0.03840639442205429,58.9000358581543
1.0700000000000006E-5,0.16803379356861115,22.168033599853516,-1.4437831850955263E-5,22.168048858642578,0.04032811149954796,58.90250015258789
1.0710000000000006E-5,0.17604070901870728,22.176040649414062,-1.4437823665502947E-5,22.176055908203125,0.04224976897239685,58.904991149902344
1.0720000000000006E-5,0.1840473711490631,22.18404769897461,-1.4437816389545333E-5,22.18406105041504,0.044171370565891266,58.90750503540039
1.0730000000000006E-5,0.19205379486083984,22.192052841186523,-1.4437808204093017E-5,22.192068099975586,0.04609290882945061,58.9100456237793
1.0740000000000006E-5,0.20005996525287628,22.20005989074707,-1.44378000186407E-5,22.200075149536133,0.04801439121365547,58.91261291503906
1.0750000000000005E-5,0.20806588232517242,22.208065032958984,-1.4437791833188385E-5,22.208080291748047,0.04993581026792526,58.91520690917969
1.0760000000000005E-5,0.21607153117656708,22.21607208251953,-1.4437783647736069E-5,22.21608543395996,0.05185716971755028,58.917823791503906
1.0770000000000005E-5,0.22407694160938263,22.224077224731445,-1.4437775462283753E-5,22.224090576171875,0.05377846583724022,58.920467376708984
1.0780000000000005E-5,0.2320820838212967,22.23208236694336,-1.4437768186326139E-5,22.23209571838379,0.055699702352285385,58.92313766479492
1.0790000000000005E-5,0.24008697271347046,22.240087509155273,-1.4437760000873823E-5,22.240100860595703,0.05762087181210518,58.92583465576172
1.0800000000000005E-5,0.24809159338474274,22.248090744018555,-1.4437751815421507E-5,22.248106002807617,0.0595419816672802,58.92855453491211
1.0810000000000005E-5,0.2560959458351135,22.25609588623047,-1.443774362996919E-5,22.25611114501953,0.06146302819252014,58.93130111694336
1.0820000000000005E-5,0.26410001516342163,22.26409912109375,-1.4437735444516875E-5,22.264114379882812,0.06338400393724442,58.93407440185547
1.0830000000000006E-5,0.27210384607315063,22.272104263305664,-1.443772816855926E-5,22.272117614746094,0.06530492007732391,58.93687438964844
1.0840000000000006E-5,0.28010737895965576,22.280107498168945,-1.4437719983106945E-5,22.280120849609375,0.06722576916217804,58.939697265625
1.0850000000000006E-5,0.2881106436252594,22.288110733032227,-1.4437711797654629E-5,22.288124084472656,0.0691465511918068,58.94254684448242
1.0860000000000006E-5,0.29611361026763916,22.296113967895508,-1.4437703612202313E-5,22.296127319335938,0.07106726616621017,58.9454231262207
1.0870000000000006E-5,0.30411630868911743,22.30411720275879,-1.4437695426749997E-5,22.30413055419922,0.07298791408538818,58.948326110839844
1.0880000000000006E-5,0.3121187388896942,22.312118530273438,-1.4437688150792383E-5,22.3121337890625,0.07490849494934082,58.95125198364258
1.0890000000000006E-5,0.3201208710670471,22.32012176513672,-1.4437679965340067E-5,22.32013511657715,0.07682900875806808,58.95420455932617
1.0900000000000006E-5,0.32812270522117615,22.328123092651367,-1.443767177988775E-5,22.328136444091797,0.07874944806098938,58.957183837890625
1.0910000000000006E-5,0.3361242711544037,22.336124420166016,-1.4437663594435435E-5,22.336137771606445,0.0806698203086853,58.96018981933594
1.0920000000000006E-5,0.34412550926208496,22.344125747680664,-1.4437655408983119E-5,22.344139099121094,0.08259012550115585,58.963218688964844
1.0930000000000005E-5,0.35212647914886475,22.352127075195312,-1.4437648133025505E-5,22.352140426635742,0.08451035618782043,58.966278076171875
1.0940000000000005E-5,0.36012715101242065,22.360126495361328,-1.4437639947573189E-5,22.36014175415039,0.08643051236867905,58.969356536865234
1.0950000000000005E-5,0.3681275248527527,22.368127822875977,-1.4437631762120873E-5,22.368141174316406,0.08835060149431229,58.97246551513672
1.0960000000000005E-5,0.37612757086753845,22.376127243041992,-1.4437623576668557E-5,22.376142501831055,0.09027061611413956,58.9755973815918
1.0970000000000005E-5,0.38412731885910034,22.384126663208008,-1.4437616300710943E-5,22.38414192199707,0.09219055622816086,58.978759765625
1.0980000000000005E-5,0.39212676882743835,22.392126083374023,-1.4437608115258627E-5,22.392141342163086,0.09411042928695679,58.98194122314453
1.0990000000000005E-5,0.4001259207725525,22.40012550354004,-1.443759992980631E-5,22.4001407623291,0.09603022038936615,58.98515319824219
1.1000000000000006E-5,0.40812474489212036,22.408124923706055,-1.4437591744353995E-5,22.408138275146484,0.09794993698596954,58.98838806152344
1.1010000000000006E-5,0.41612324118614197,22.416122436523438,-1.4437583558901679E-5,22.4161376953125,0.09986957907676697,58.99165344238281
1.1020000000000006E-5,0.4241214394569397,22.424121856689453,-1.4437576282944065E-5,22.424135208129883,0.10178914666175842,58.994937896728516
1.1030000000000006E-5,0.43211930990219116,22.432119369506836,-1.4437568097491749E-5,22.4321346282959,0.10370863229036331,58.998252868652344
1.1040000000000006E-5,0.44011685252189636,22.44011688232422,-1.4437559912039433E-5,22.44013214111328,0.10562804341316223,59.001590728759766
1.1050000000000006E-5,0.4481140673160553,22.4481143951416,-1.4437551726587117E-5,22.44812774658203,0.10754738003015518,59.00495529174805
1.1060000000000006E-5,0.45611098408699036,22.456111907958984,-1.44375435411348E-5,22.456125259399414,0.10946663469076157,59.00834655761719
1.1070000000000006E-5,0.46410754323005676,22.464107513427734,-1.4437536265177187E-5,22.464122772216797,0.11138580739498138,59.01176452636719
1.1080000000000006E-5,0.4721037745475769,22.472103118896484,-1.443752807972487E-5,22.472118377685547,0.11330490559339523,59.01520538330078
1.1090000000000006E-5,0.4800996780395508,22.480098724365234,-1.4437519894272555E-5,22.480113983154297,0.11522392183542252,59.018672943115234
1.1100000000000006E-5,0.488095223903656,22.488094329833984,-1.4437511708820239E-5,22.488109588623047,0.11714285612106323,59.02216720581055
1.1110000000000005E-5,0.49609044194221497,22.496089935302734,-1.4437503523367923E-5,22.496105194091797,0.11906170845031738,59.02568435668945
1.1120000000000005E-5,0.5040853023529053,22.504085540771484,-1.4437496247410309E-5,22.504098892211914,0.12098047882318497,59.029232025146484
1.1130000000000005E-5,0.5120798945426941,22.5120792388916,-1.4437488061957993E-5,22.512094497680664,0.12289916723966599,59.03280258178711
1.1140000000000005E-5,0.5200740694999695,22.52007484436035,-1.4437479876505677E-5,22.52008819580078,0.12481777369976044,59.03639602661133
1.1150000000000005E-5,0.5280678868293762,22.52806854248047,-1.443747169105336E-5,22.5280818939209,0.12673629820346832,59.04001998901367
1.1160000000000005E-5,0.5360614061355591,22.536062240600586,-1.4437463505601045E-5,22.536075592041016,0.12865473330020905,59.04366683959961
1.1170000000000007E-5,0.5440545082092285,22.54405403137207,-1.443745622964343E-5,22.544069290161133,0.1305730789899826,59.047340393066406
1.1180000000000006E-5,0.5520473122596741,22.552047729492188,-1.4437448044191115E-5,22.552061080932617,0.1324913501739502,59.05104064941406
1.1190000000000006E-5,0.5600396990776062,22.560039520263672,-1.4437439858738799E-5,22.560054779052734,0.13440953195095062,59.05476379394531
1.1200000000000006E-5,0.5680317878723145,22.568031311035156,-1.4437431673286483E-5,22.56804656982422,0.1363276243209839,59.05851364135742
1.1210000000000006E-5,0.5760234594345093,22.57602310180664,-1.4437424397328869E-5,22.576038360595703,0.13824562728405,59.06229019165039
1.1220000000000006E-5,0.5840147733688354,22.584014892578125,-1.4437416211876553E-5,22.584028244018555,0.14016355574131012,59.06609344482422
1.1230000000000006E-5,0.592005729675293,22.59200668334961,-1.4437408026424237E-5,22.59202003479004,0.1420813798904419,59.06991958618164
1.1240000000000006E-5,0.5999963283538818,22.59999656677246,-1.443739984097192E-5,22.60000991821289,0.1439991146326065,59.07377243041992
1.1250000000000006E-5,0.607986569404602,22.607986450195312,-1.4437391655519605E-5,22.608001708984375,0.14591677486896515,59.07765197753906
1.1260000000000006E-5,0.6159763932228088,22.615976333618164,-1.443738437956199E-5,22.615991592407227,0.14783433079719543,59.08155822753906
1.1270000000000006E-5,0.623965859413147,22.623966217041016,-1.4437376194109675E-5,22.623979568481445,0.14975179731845856,59.085487365722656
1.1280000000000006E-5,0.6319549083709717,22.631954193115234,-1.4437368008657359E-5,22.631969451904297,0.1516691893339157,59.08944320678711
1.1290000000000005E-5,0.6399435997009277,22.639944076538086,-1.4437359823205043E-5,22.639957427978516,0.1535864621400833,59.09342575073242
1.1300000000000005E-5,0.6479319334030151,22.647932052612305,-1.4437351637752727E-5,22.647945404052734,0.15550366044044495,59.09743118286133
1.1310000000000005E-5,0.6559198498725891,22.655920028686523,-1.4437344361795112E-5,22.655933380126953,0.15742076933383942,59.10146713256836
1.1320000000000005E-5,0.6639074087142944,22.663908004760742,-1.4437336176342797E-5,22.663921356201172,0.15933777391910553,59.10552215576172
1.1330000000000005E-5,0.6718945503234863,22.671894073486328,-1.443732799089048E-5,22.67190933227539,0.16125468909740448,59.1096076965332
1.1340000000000007E-5,0.6798812747001648,22.679882049560547,-1.4437319805438165E-5,22.679895401000977,0.16317149996757507,59.11371994018555
1.1350000000000007E-5,0.6878676414489746,22.687868118286133,-1.443731252948055E-5,22.687881469726562,0.1650882214307785,59.117855072021484
1.1360000000000006E-5,0.6958535313606262,22.69585418701172,-1.4437304344028234E-5,22.69586753845215,0.16700485348701477,59.12201690673828
1.1370000000000006E-5,0.703839123249054,22.703838348388672,-1.4437296158575919E-5,22.703853607177734,0.16892138123512268,59.12620162963867
1.1380000000000006E-5,0.7118242383003235,22.711824417114258,-1.4437287973123603E-5,22.711837768554688,0.17083781957626343,59.13041305541992
1.1390000000000006E-5,0.7198089957237244,22.71980857849121,-1.4437279787671287E-5,22.719823837280273,0.17275415360927582,59.1346549987793
1.1400000000000006E-5,0.727793276309967,22.727792739868164,-1.4437272511713672E-5,22.727807998657227,0.17467038333415985,59.138916015625
1.1410000000000006E-5,0.7357771992683411,22.735776901245117,-1.4437264326261356E-5,22.73579216003418,0.17658652365207672,59.14320755004883
1.1420000000000006E-5,0.7437607049942017,22.74376106262207,-1.443725614080904E-5,22.7437744140625,0.17850257456302643,59.14752197265625
1.1430000000000006E-5,0.7517437934875488,22.75174331665039,-1.4437247955356725E-5,22.751758575439453,0.18041850626468658,59.15186309814453
1.1440000000000006E-5,0.7597264051437378,22.75972557067871,-1.443724067939911E-5,22.759740829467773,0.18233434855937958,59.15623092651367
1.1450000000000006E-5,0.7677086591720581,22.76770782470703,-1.4437232493946794E-5,22.767723083496094,0.1842500865459442,59.160621643066406
1.1460000000000005E-5,0.775690495967865,22.77569007873535,-1.4437224308494478E-5,22.775705337524414,0.1861657202243805,59.1650390625
1.1470000000000005E-5,0.7836718559265137,22.783672332763672,-1.4437216123042163E-5,22.7836856842041,0.18808124959468842,59.16948318481445
1.1480000000000005E-5,0.7916527986526489,22.79165267944336,-1.4437207937589847E-5,22.791667938232422,0.18999667465686798,59.173954010009766
1.1490000000000005E-5,0.7996333241462708,22.799633026123047,-1.4437200661632232E-5,22.79964828491211,0.19191201031208038,59.17844772338867
1.1500000000000007E-5,0.8076134324073792,22.807613372802734,-1.4437192476179916E-5,22.807628631591797,0.19382722675800323,59.18296813964844
1.1510000000000007E-5,0.8155930638313293,22.815593719482422,-1.44371842907276E-5,22.81560707092285,0.19574233889579773,59.18751525878906
1.1520000000000007E-5,0.8235722780227661,22.823572158813477,-1.4437176105275284E-5,22.82358741760254,0.19765734672546387,59.19208526611328
1.1530000000000006E-5,0.8315510749816895,22.83155059814453,-1.443716882931767E-5,22.831565856933594,0.19957226514816284,59.19668197631836
1.1540000000000006E-5,0.8395293951034546,22.839529037475586,-1.4437160643865354E-5,22.83954429626465,0.20148706436157227,59.2013053894043
1.1550000000000006E-5,0.8475072979927063,22.84750747680664,-1.4437152458413038E-5,22.84752082824707,0.20340174436569214,59.205955505371094
1.1560000000000006E-5,0.8554847240447998,22.855484008789062,-1.4437144272960722E-5,22.855499267578125,0.20531633496284485,59.210628509521484
1.1570000000000006E-5,0.8634617328643799,22.863462448120117,-1.4437136087508406E-5,22.863475799560547,0.207230806350708,59.215328216552734
1.1580000000000006E-5,0.8714382648468018,22.87143898010254,-1.4437128811550792E-5,22.87145233154297,0.2091451734304428,59.220054626464844
1.1590000000000006E-5,0.8794143199920654,22.879413604736328,-1.4437120626098476E-5,22.87942886352539,0.21105943620204926,59.22480392456055
1.1600000000000006E-5,0.8873899579048157,22.88739013671875,-1.443711244064616E-5,22.88740348815918,0.21297357976436615,59.22957992553711
1.1610000000000006E-5,0.8953651189804077,22.89536476135254,-1.4437104255193844E-5,22.8953800201416,0.2148876190185547,59.23438262939453
1.1620000000000006E-5,0.9033398032188416,22.903339385986328,-1.443709697923623E-5,22.90335464477539,0.21680155396461487,59.23921203613281
1.1630000000000006E-5,0.9113140106201172,22.911314010620117,-1.4437088793783914E-5,22.91132926940918,0.2187153697013855,59.24406433105469
1.1640000000000005E-5,0.9192878007888794,22.919288635253906,-1.4437080608331598E-5,22.919301986694336,0.22062906622886658,59.24894332885742
1.1650000000000005E-5,0.9272610545158386,22.927261352539062,-1.4437072422879282E-5,22.927274703979492,0.2225426584482193,59.253849029541016
1.1660000000000005E-5,0.9352338910102844,22.93523406982422,-1.4437065146921668E-5,22.93524742126465,0.22445613145828247,59.2587776184082
1.1670000000000007E-5,0.943206250667572,22.943206787109375,-1.4437056961469352E-5,22.943220138549805,0.22636950016021729,59.263736724853516
1.1680000000000007E-5,0.9511780738830566,22.9511775970459,-1.4437048776017036E-5,22.95119285583496,0.22828274965286255,59.26871871948242
1.1690000000000007E-5,0.9455083012580872,22.94550895690918,22.945493698120117,1.4482945516647305E-5,0.22692199051380157,59.27040481567383
1.1700000000000007E-5,0.9398383498191833,22.939838409423828,22.939823150634766,1.4482940059679095E-5,0.2255612015724182,59.27207565307617
1.1710000000000006E-5,0.9341682195663452,22.934167861938477,22.934154510498047,1.4482934602710884E-5,0.22420038282871246,59.27373123168945
1.1720000000000006E-5,0.9284979701042175,22.928497314453125,22.928483963012695,1.4482928236247972E-5,0.22283951938152313,59.27536392211914
1.1730000000000006E-5,0.9228276014328003,22.922826766967773,22.922813415527344,1.4482922779279761E-5,0.2214786261320114,59.276981353759766
1.1740000000000006E-5,0.9171570539474487,22.917156219482422,22.917142868041992,1.448291732231155E-5,0.2201176881790161,59.2785758972168
1.1750000000000006E-5,0.9114863872528076,22.91148567199707,22.91147232055664,1.448291186534334E-5,0.21875673532485962,59.280155181884766
1.1760000000000006E-5,0.9058155417442322,22.90581512451172,22.90580177307129,1.4482905498880427E-5,0.21739572286605835,59.28171920776367
1.1770000000000006E-5,0.9001445770263672,22.900144577026367,22.900129318237305,1.4482900041912217E-5,0.2160346955060959,59.283260345458984
1.1780000000000006E-5,0.8944734930992126,22.894474029541016,22.894458770751953,1.4482894584944006E-5,0.21467363834381104,59.284786224365234
1.1790000000000006E-5,0.8888022303581238,22.88880157470703,22.8887882232666,1.4482889127975795E-5,0.2133125364780426,59.28628921508789
1.1800000000000006E-5,0.8831308484077454,22.88313102722168,22.883115768432617,1.4482882761512883E-5,0.21195140480995178,59.287776947021484
1.1810000000000006E-5,0.8774593472480774,22.877458572387695,22.877445220947266,1.4482877304544672E-5,0.21059024333953857,59.289249420166016
1.1820000000000005E-5,0.8717876672744751,22.871788024902344,22.87177276611328,1.4482871847576462E-5,0.20922905206680298,59.29069900512695
1.1830000000000005E-5,0.866115927696228,22.86611557006836,22.86610221862793,1.4482866390608251E-5,0.2078678160905838,59.29213333129883
1.1840000000000007E-5,0.8604440093040466,22.860443115234375,22.860429763793945,1.4482860024145339E-5,0.20650656521320343,59.29354476928711
1.1850000000000007E-5,0.8547719717025757,22.854772567749023,22.85475730895996,1.4482854567177128E-5,0.20514526963233948,59.29494094848633
1.1860000000000007E-5,0.8490998148918152,22.84910011291504,22.849084854125977,1.4482849110208917E-5,0.20378395915031433,59.29631805419922
1.1870000000000007E-5,0.8434275388717651,22.843427658081055,22.843412399291992,1.4482843653240707E-5,0.2024226188659668,59.29767990112305
1.1880000000000007E-5,0.8377551436424255,22.83775520324707,22.837739944458008,1.4482837286777794E-5,0.20106123387813568,59.29901885986328
1.1890000000000006E-5,0.8320826292037964,22.832082748413086,22.832067489624023,1.4482831829809584E-5,0.19969983398914337,59.30034255981445
1.1900000000000006E-5,0.8264099955558777,22.8264102935791,22.82639503479004,1.4482826372841373E-5,0.19833840429782867,59.3016471862793
1.1910000000000006E-5,0.8207372426986694,22.820737838745117,22.820722579956055,1.4482820915873162E-5,0.1969769448041916,59.30293273925781
1.1920000000000006E-5,0.8150644302368164,22.8150634765625,22.81505012512207,1.4482815458904952E-5,0.19561545550823212,59.304203033447266
1.1930000000000006E-5,0.809391438961029,22.809391021728516,22.809377670288086,1.448280909244204E-5,0.19425393640995026,59.305450439453125
1.1940000000000006E-5,0.8037183284759521,22.80371856689453,22.80370330810547,1.4482803635473829E-5,0.1928924024105072,59.30668258666992
1.1950000000000006E-5,0.7980451583862305,22.798044204711914,22.798030853271484,1.4482798178505618E-5,0.19153083860874176,59.30789566040039
1.1960000000000006E-5,0.7923718690872192,22.79237174987793,22.792356491088867,1.4482792721537407E-5,0.19016924500465393,59.30908966064453
1.1970000000000006E-5,0.7866984605789185,22.786699295043945,22.786684036254883,1.4482786355074495E-5,0.1888076215982437,59.310264587402344
1.1980000000000006E-5,0.7810249328613281,22.781024932861328,22.781009674072266,1.4482780898106284E-5,0.1874459832906723,59.311424255371094
1.1990000000000005E-5,0.7753512859344482,22.77535057067871,22.77533721923828,1.4482775441138074E-5,0.1860843151807785,59.31256103515625
1.2000000000000005E-5,0.7696775794029236,22.769678115844727,22.769662857055664,1.4482769984169863E-5,0.18472261726856232,59.313682556152344
1.2010000000000007E-5,0.7640037536621094,22.76400375366211,22.763988494873047,1.448276361770695E-5,0.18336090445518494,59.31478500366211
1.2020000000000007E-5,0.7583298683166504,22.758329391479492,22.758316040039062,1.448275816073874E-5,0.18199916183948517,59.31587219238281
1.2030000000000007E-5,0.7526558637619019,22.752655029296875,22.752641677856445,1.448275270377053E-5,0.1806374043226242,59.31693649291992
1.2040000000000007E-5,0.7469817399978638,22.74698257446289,22.746967315673828,1.4482747246802319E-5,0.17927561700344086,59.31798553466797
1.2050000000000007E-5,0.7413075566291809,22.741308212280273,22.74129295349121,1.4482740880339406E-5,0.1779138147830963,59.31901550292969
1.2060000000000007E-5,0.7356333136558533,22.735633850097656,22.735618591308594,1.4482735423371196E-5,0.17655198276042938,59.32002639770508
1.2070000000000006E-5,0.7299588918685913,22.72995948791504,22.729944229125977,1.4482729966402985E-5,0.17519013583660126,59.32101821899414
1.2080000000000006E-5,0.7242844700813293,22.724285125732422,22.72426986694336,1.4482724509434775E-5,0.17382827401161194,59.321990966796875
1.2090000000000006E-5,0.7186099290847778,22.718610763549805,22.718595504760742,1.4482718142971862E-5,0.17246638238430023,59.32294845581055
1.2100000000000006E-5,0.7129352688789368,22.712934494018555,22.712921142578125,1.4482712686003651E-5,0.17110447585582733,59.32388687133789
1.2110000000000006E-5,0.7072606086730957,22.707260131835938,22.707246780395508,1.448270722903544E-5,0.16974253952503204,59.324806213378906
1.2120000000000006E-5,0.7015858292579651,22.70158576965332,22.701570510864258,1.448270177206723E-5,0.16838058829307556,59.325706481933594
1.2130000000000006E-5,0.6959109306335449,22.695911407470703,22.69589614868164,1.448269631509902E-5,0.16701862215995789,59.32659149169922
1.2140000000000006E-5,0.6902360320091248,22.690235137939453,22.690221786499023,1.4482689948636107E-5,0.16565664112567902,59.32745361328125
1.2150000000000006E-5,0.684561014175415,22.684560775756836,22.684547424316406,1.4482684491667897E-5,0.16429464519023895,59.32830047607422
1.2160000000000006E-5,0.6788858771324158,22.67888641357422,22.678871154785156,1.4482679034699686E-5,0.1629326194524765,59.32912826538086
1.2170000000000005E-5,0.6732107400894165,22.67321014404297,22.67319679260254,1.4482673577731475E-5,0.16157057881355286,59.32994079589844
1.2180000000000007E-5,0.6675355434417725,22.66753578186035,22.66752052307129,1.4482667211268563E-5,0.16020852327346802,59.33073043823242
1.2190000000000007E-5,0.6618602275848389,22.6618595123291,22.661846160888672,1.4482661754300352E-5,0.15884645283222198,59.331504821777344
1.2200000000000007E-5,0.6561848521232605,22.656185150146484,22.656169891357422,1.4482656297332142E-5,0.15748436748981476,59.33225631713867
1.2210000000000007E-5,0.6505094170570374,22.650508880615234,22.650495529174805,1.4482650840363931E-5,0.15612226724624634,59.33299255371094
1.2220000000000007E-5,0.6448339819908142,22.644834518432617,22.644819259643555,1.4482644473901019E-5,0.15476015210151672,59.33371353149414
1.2230000000000007E-5,0.6391584277153015,22.639158248901367,22.639142990112305,1.4482639016932808E-5,0.15339802205562592,59.33441162109375
1.2240000000000006E-5,0.633482813835144,22.633481979370117,22.633468627929688,1.4482633559964597E-5,0.1520358771085739,59.3350944519043
1.2250000000000006E-5,0.6278071403503418,22.6278076171875,22.627792358398438,1.4482628102996387E-5,0.15067371726036072,59.33575439453125
1.2260000000000006E-5,0.6221314072608948,22.62213134765625,22.622116088867188,1.4482621736533474E-5,0.14931154251098633,59.33639907836914
1.2270000000000006E-5,0.616455614566803,22.616455078125,22.61644172668457,1.4482616279565264E-5,0.14794935286045074,59.33702850341797
1.2280000000000006E-5,0.6107798218727112,22.610780715942383,22.61076545715332,1.4482610822597053E-5,0.14658716320991516,59.3376350402832
1.2290000000000006E-5,0.6051039695739746,22.605104446411133,22.60508918762207,1.4482605365628842E-5,0.1452249437570572,59.338226318359375
1.2300000000000006E-5,0.5994279980659485,22.599428176879883,22.59941291809082,1.448259899916593E-5,0.14386272430419922,59.33879470825195
1.2310000000000006E-5,0.5937520265579224,22.593751907348633,22.59373664855957,1.448259354219772E-5,0.14250048995018005,59.33934783935547
1.2320000000000006E-5,0.5880760550498962,22.588075637817383,22.588062286376953,1.4482588085229509E-5,0.1411382555961609,59.33988571166992
1.2330000000000006E-5,0.5823999643325806,22.582399368286133,22.582386016845703,1.4482582628261298E-5,0.13977599143981934,59.34040069580078
1.2340000000000007E-5,0.5767238736152649,22.576723098754883,22.576709747314453,1.4482576261798386E-5,0.13841372728347778,59.34090042114258
1.2350000000000007E-5,0.5710477232933044,22.571046829223633,22.571033477783203,1.4482570804830175E-5,0.13705146312713623,59.34137725830078
1.2360000000000007E-5,0.565371572971344,22.565372467041016,22.565357208251953,1.4482565347861964E-5,0.1356891691684723,59.34183883666992
1.2370000000000007E-5,0.5596953630447388,22.559696197509766,22.559680938720703,1.4482559890893754E-5,0.13432687520980835,59.34228515625
1.2380000000000007E-5,0.5540190935134888,22.554019927978516,22.554004669189453,1.4482554433925543E-5,0.1329645812511444,59.342708587646484
1.2390000000000007E-5,0.5483428239822388,22.548343658447266,22.548328399658203,1.448254806746263E-5,0.13160227239131927,59.343116760253906
1.2400000000000007E-5,0.542666494846344,22.542667388916016,22.542652130126953,1.448254261049442E-5,0.13023996353149414,59.343502044677734
1.2410000000000007E-5,0.5369901657104492,22.536989212036133,22.536975860595703,1.448253715352621E-5,0.1288776397705078,59.3438720703125
1.2420000000000006E-5,0.5313137769699097,22.531312942504883,22.531299591064453,1.4482531696557999E-5,0.1275153011083603,59.34422302246094
1.2430000000000006E-5,0.5256373882293701,22.525636672973633,22.525623321533203,1.4482525330095086E-5,0.12615297734737396,59.34455871582031
1.2440000000000006E-5,0.5199609398841858,22.519960403442383,22.519947052001953,1.4482519873126876E-5,0.12479063123464584,59.344871520996094
1.2450000000000006E-5,0.5142844915390015,22.514284133911133,22.514270782470703,1.4482514416158665E-5,0.12342828512191772,59.34516906738281
1.2460000000000006E-5,0.5086080431938171,22.508607864379883,22.508594512939453,1.4482508959190454E-5,0.12206593155860901,59.3454475402832
1.2470000000000006E-5,0.502931535243988,22.502931594848633,22.50291633605957,1.4482502592727542E-5,0.12070357799530029,59.345706939697266
1.2480000000000006E-5,0.4972550570964813,22.497255325317383,22.49724006652832,1.4482497135759331E-5,0.11934121698141098,59.345951080322266
1.2490000000000006E-5,0.4915785491466522,22.491579055786133,22.49156379699707,1.448249167879112E-5,0.11797884851694107,59.34617233276367
1.2500000000000006E-5,0.48590201139450073,22.485902786254883,22.48588752746582,1.448248622182291E-5,0.11661648005247116,59.346378326416016
1.2510000000000007E-5,0.48022547364234924,22.480224609375,22.48021125793457,1.4482479855359998E-5,0.11525411158800125,59.34656524658203
1.2520000000000007E-5,0.47454890608787537,22.47454833984375,22.47453498840332,1.4482474398391787E-5,0.11389174312353134,59.34673309326172
1.2530000000000007E-5,0.4688723385334015,22.4688720703125,22.46885871887207,1.4482468941423576E-5,0.11252936720848083,59.34688186645508
1.2540000000000007E-5,0.4631957709789276,22.46319580078125,22.463180541992188,1.4482463484455366E-5,0.11116698384284973,59.347015380859375
1.2550000000000007E-5,0.45751920342445374,22.45751953125,22.457504272460938,1.4482457117992453E-5,0.10980460792779922,59.347129821777344
1.2560000000000007E-5,0.45184263586997986,22.45184326171875,22.451828002929688,1.4482451661024243E-5,0.10844223201274872,59.347225189208984
1.2570000000000007E-5,0.4461660385131836,22.4461669921875,22.446151733398438,1.4482446204056032E-5,0.10707984864711761,59.3473014831543
1.2580000000000007E-5,0.4404894709587097,22.440488815307617,22.440475463867188,1.4482440747087821E-5,0.10571747273206711,59.34735870361328
1.2590000000000007E-5,0.43481287360191345,22.434812545776367,22.434799194335938,1.4482434380624909E-5,0.104355089366436,59.3474006652832
1.2600000000000006E-5,0.4291363060474396,22.429136276245117,22.429121017456055,1.4482428923656698E-5,0.1029927134513855,59.34741973876953
1.2610000000000006E-5,0.4234597384929657,22.423460006713867,22.423444747924805,1.4482423466688488E-5,0.10163033753633499,59.3474235534668
1.2620000000000006E-5,0.4177831709384918,22.417783737182617,22.417768478393555,1.4482418009720277E-5,0.10026796162128448,59.347412109375
1.2630000000000006E-5,0.41210660338401794,22.412107467651367,22.412092208862305,1.4482411643257365E-5,0.09890558570623398,59.34737777709961
1.2640000000000006E-5,0.40643006563186646,22.406429290771484,22.406415939331055,1.4482406186289154E-5,0.09754321724176407,59.34732437133789
1.2650000000000006E-5,0.40075352787971497,22.400753021240234,22.400739669799805,1.4482400729320943E-5,0.09618084877729416,59.34725570678711
1.2660000000000006E-5,0.39507701992988586,22.395076751708984,22.395063400268555,1.4482395272352733E-5,0.09481848031282425,59.34716796875
1.2670000000000006E-5,0.38940051198005676,22.389400482177734,22.389385223388672,1.4482389815384522E-5,0.09345611929893494,59.34706115722656
1.2680000000000007E-5,0.38372400403022766,22.383724212646484,22.383708953857422,1.448238344892161E-5,0.09209376573562622,59.34693908691406
1.2690000000000007E-5,0.37804755568504333,22.378047943115234,22.378032684326172,1.4482377991953399E-5,0.0907314121723175,59.34679412841797
1.2700000000000007E-5,0.372371107339859,22.372371673583984,22.372356414794922,1.4482372534985188E-5,0.08936906605958939,59.34663391113281
1.2710000000000007E-5,0.3666946589946747,22.366695404052734,22.366680145263672,1.4482367078016978E-5,0.08800671994686127,59.34645462036133
1.2720000000000007E-5,0.36101827025413513,22.361019134521484,22.361003875732422,1.4482360711554065E-5,0.08664438873529434,59.346256256103516
1.2730000000000007E-5,0.3553418815135956,22.3553409576416,22.355327606201172,1.4482355254585855E-5,0.08528205752372742,59.346038818359375
1.2740000000000007E-5,0.3496655523777008,22.34966468811035,22.349651336669922,1.4482349797617644E-5,0.08391973376274109,59.34580612182617
1.2750000000000007E-5,0.34398922324180603,22.3439884185791,22.343975067138672,1.4482344340649433E-5,0.08255741745233536,59.34555435180664
1.2760000000000007E-5,0.33831292390823364,22.33831214904785,22.338298797607422,1.4482337974186521E-5,0.08119510114192963,59.34528350830078
1.2770000000000006E-5,0.33263668417930603,22.3326358795166,22.332622528076172,1.448233251721831E-5,0.07983279973268509,59.344993591308594
1.2780000000000006E-5,0.3269604444503784,22.32695960998535,22.326946258544922,1.44823270602501E-5,0.07847051322460175,59.34468460083008
1.2790000000000006E-5,0.3212842643260956,22.3212833404541,22.321269989013672,1.4482321603281889E-5,0.0771082267165184,59.3443603515625
1.2800000000000006E-5,0.31560811400413513,22.315608978271484,22.315593719482422,1.4482315236818977E-5,0.07574594765901566,59.344017028808594
1.2810000000000006E-5,0.30993202328681946,22.309932708740234,22.309917449951172,1.4482309779850766E-5,0.0743836835026741,59.34365463256836
1.2820000000000006E-5,0.3042559325695038,22.304256439208984,22.304241180419922,1.4482304322882555E-5,0.07302142679691315,59.3432731628418
1.2830000000000006E-5,0.2985799312591553,22.298580169677734,22.298564910888672,1.4482298865914345E-5,0.07165918499231339,59.342872619628906
1.2840000000000006E-5,0.29290392994880676,22.292903900146484,22.292888641357422,1.4482292499451432E-5,0.07029694318771362,59.34245681762695
1.2850000000000007E-5,0.2872280180454254,22.287227630615234,22.287214279174805,1.4482287042483222E-5,0.06893472373485565,59.342018127441406
1.2860000000000007E-5,0.28155213594436646,22.281551361083984,22.281538009643555,1.4482281585515011E-5,0.06757251173257828,59.3415641784668
1.2870000000000007E-5,0.2758762836456299,22.275876998901367,22.275861740112305,1.44822761285468E-5,0.0662103071808815,59.341094970703125
1.2880000000000007E-5,0.2702004909515381,22.270200729370117,22.270185470581055,1.4482269762083888E-5,0.06484812498092651,59.34060287475586
1.2890000000000007E-5,0.26452478766441345,22.264524459838867,22.264511108398438,1.4482264305115677E-5,0.06348594278097153,59.34009552001953
1.2900000000000007E-5,0.2588491141796112,22.258848190307617,22.258834838867188,1.4482258848147467E-5,0.06212378293275833,59.33956527709961
1.2910000000000007E-5,0.25317347049713135,22.253173828125,22.253158569335938,1.4482253391179256E-5,0.06076163426041603,59.339019775390625
1.2920000000000007E-5,0.24749791622161865,22.24749755859375,22.24748420715332,1.4482247934211046E-5,0.059399500489234924,59.33845901489258
1.2930000000000007E-5,0.24182242155075073,22.241823196411133,22.24180793762207,1.4482241567748133E-5,0.05803738161921501,59.33787536621094
1.2940000000000007E-5,0.2361469864845276,22.236146926879883,22.23613166809082,1.4482236110779922E-5,0.05667527765035629,59.337276458740234
1.2950000000000006E-5,0.23047161102294922,22.230472564697266,22.230457305908203,1.4482230653811712E-5,0.05531318858265877,59.3366584777832
1.2960000000000006E-5,0.22479631006717682,22.224796295166016,22.224781036376953,1.4482225196843501E-5,0.053951114416122437,59.336021423339844
1.2970000000000006E-5,0.2191210687160492,22.2191219329834,22.219106674194336,1.4482218830380589E-5,0.0525890551507473,59.335365295410156
1.2980000000000006E-5,0.21344588696956635,22.21344566345215,22.21343231201172,1.4482213373412378E-5,0.051227014511823654,59.33469009399414
1.2990000000000006E-5,0.20777079463005066,22.20777130126953,22.20775604248047,1.4482207916444167E-5,0.0498649887740612,59.33399963378906
1.3000000000000006E-5,0.20209576189517975,22.20209503173828,22.20208168029785,1.4482202459475957E-5,0.048502981662750244,59.333290100097656
1.3010000000000008E-5,0.1964208036661148,22.196420669555664,22.1964054107666,1.4482196093013044E-5,0.04714099317789078,59.33256149291992
1.3020000000000007E-5,0.19074591994285583,22.190746307373047,22.190731048583984,1.4482190636044834E-5,0.0457790233194828,59.33181381225586
1.3030000000000007E-5,0.18507112562656403,22.18507194519043,22.185056686401367,1.4482185179076623E-5,0.04441706836223602,59.331050872802734
1.3040000000000007E-5,0.17939640581607819,22.17939567565918,22.17938232421875,1.4482179722108413E-5,0.04305513575673103,59.330265045166016
1.3050000000000007E-5,0.17372176051139832,22.173721313476562,22.173707962036133,1.44821733556455E-5,0.041693221777677536,59.329463958740234
1.3060000000000007E-5,0.1680472046136856,22.168046951293945,22.168033599853516,1.448216789867729E-5,0.04033132642507553,59.328643798828125
1.3070000000000007E-5,0.16237272322177887,22.162372589111328,22.162357330322266,1.4482162441709079E-5,0.03896945342421532,59.32780838012695
1.3080000000000007E-5,0.1566983312368393,22.15669822692871,22.15668296813965,1.4482156984740868E-5,0.037607599049806595,59.32695007324219
1.3090000000000007E-5,0.15102404356002808,22.151023864746094,22.15100860595703,1.4482150618277956E-5,0.036245767027139664,59.32607650756836
1.3100000000000007E-5,0.14534983038902283,22.145349502563477,22.145336151123047,1.4482145161309745E-5,0.03488395735621452,59.3251838684082
1.3110000000000007E-5,0.13967570662498474,22.13967514038086,22.13966178894043,1.4482139704341535E-5,0.033522170037031174,59.32427215576172
1.3120000000000007E-5,0.13400167226791382,22.134000778198242,22.133987426757812,1.4482134247373324E-5,0.032160401344299316,59.323341369628906
1.3130000000000006E-5,0.12832774221897125,22.128328323364258,22.128313064575195,1.4482127880910411E-5,0.03079865872859955,59.32239532470703
1.3140000000000006E-5,0.12265390902757645,22.12265396118164,22.122638702392578,1.44821224239422E-5,0.02943693846464157,59.32142639160156
1.3150000000000006E-5,0.1169801726937294,22.116979598999023,22.116966247558594,1.448211696697399E-5,0.028075242415070534,59.32044219970703
1.3160000000000006E-5,0.11130654066801071,22.11130714416504,22.111291885375977,1.448211151000578E-5,0.026713568717241287,59.31944274902344
1.3170000000000006E-5,0.10563300549983978,22.105632781982422,22.105619430541992,1.4482106053037569E-5,0.02535192109644413,59.31842041015625
1.3180000000000008E-5,0.09995956718921661,22.099960327148438,22.099945068359375,1.4482099686574657E-5,0.023990297690033913,59.3173828125
1.3190000000000008E-5,0.0942862406373024,22.09428596496582,22.09427261352539,1.4482094229606446E-5,0.022628698498010635,59.316322326660156
1.3200000000000007E-5,0.08861302584409714,22.088613510131836,22.088598251342773,1.4482088772638235E-5,0.021267125383019447,59.31524658203125
1.3210000000000007E-5,0.08293990790843964,22.08293914794922,22.08292579650879,1.4482083315670025E-5,0.01990557834506035,59.31415557861328
1.3220000000000007E-5,0.07726690918207169,22.077266693115234,22.077253341674805,1.4482076949207112E-5,0.018544059246778488,59.31304168701172
1.3230000000000007E-5,0.07159402221441269,22.07159423828125,22.071578979492188,1.4482071492238902E-5,0.017182564362883568,59.311912536621094
1.3240000000000007E-5,0.06592124700546265,22.065921783447266,22.065906524658203,1.4482066035270691E-5,0.015821099281311035,59.310760498046875
1.3250000000000007E-5,0.06024858355522156,22.06024932861328,22.06023406982422,1.448206057830248E-5,0.014459660276770592,59.30959701538086
1.3260000000000007E-5,0.05457604303956032,22.054576873779297,22.054561614990234,1.4482054211839568E-5,0.013098250143229961,59.30841064453125
1.3270000000000007E-5,0.04890361800789833,22.048904418945312,22.04888916015625,1.4482048754871357E-5,0.01173686794936657,59.30720520019531
1.3280000000000007E-5,0.04323131591081619,22.043231964111328,22.043216705322266,1.4482043297903147E-5,0.010375515557825565,59.30598449707031
1.3290000000000007E-5,0.037559133023023605,22.037559509277344,22.03754425048828,1.4482037840934936E-5,0.009014192037284374,59.304744720458984
1.3300000000000006E-5,0.031887076795101166,22.03188705444336,22.031871795654297,1.4482031474472024E-5,0.007652898319065571,59.30348587036133
1.3310000000000006E-5,0.026215145364403725,22.026214599609375,22.026201248168945,1.4482026017503813E-5,0.006291634868830442,59.302207946777344
1.3320000000000006E-5,0.02054334059357643,22.020544052124023,22.02052879333496,1.4482020560535602E-5,0.004930402152240276,59.3009147644043
1.3330000000000006E-5,0.014871667139232159,22.01487159729004,22.014856338500977,1.4482015103567392E-5,0.0035692001692950726,59.29960250854492
1.3340000000000006E-5,0.009200123138725758,22.009201049804688,22.009185791015625,1.448200873710448E-5,0.002208029618486762,59.29827117919922
1.3350000000000008E-5,0.00352871255017817,22.003528594970703,22.00351333618164,1.4482003280136269E-5,8.46891023684293E-4,59.29692077636719
1.3360000000000008E-5,-0.0021425639279186726,21.99785804748535,21.99784278869629,1.4481997823168058E-5,-5.142153240740299E-4,59.29555130004883
1.3370000000000008E-5,-0.007813704200088978,21.992185592651367,21.992172241210938,1.4481992366199847E-5,-0.0018752890173345804,59.294166564941406
1.3380000000000007E-5,-0.013484706170856953,21.986515045166016,21.986501693725586,1.4481986909231637E-5,-0.003236329648643732,59.29275894165039
1.3390000000000007E-5,-0.01915556937456131,21.980844497680664,21.9808292388916,1.4481980542768724E-5,-0.004597336519509554,59.29133605957031
1.3400000000000007E-5,-0.02482629008591175,21.975173950195312,21.97515869140625,1.4481975085800514E-5,-0.00595830986276269,59.28989791870117
1.3410000000000007E-5,-0.03049686923623085,21.96950340270996,21.9694881439209,1.4481969628832303E-5,-0.0073192487470805645,59.28843688964844
1.3420000000000007E-5,-0.03616730496287346,21.96383285522461,21.963817596435547,1.4481964171864092E-5,-0.008680152706801891,59.28696060180664
1.3430000000000007E-5,-0.04183759167790413,21.958162307739258,21.958147048950195,1.448195780540118E-5,-0.01004102174192667,59.285465240478516
1.3440000000000007E-5,-0.04750772938132286,21.952491760253906,21.952478408813477,1.448195234843297E-5,-0.011401855386793613,59.28395080566406
1.3450000000000007E-5,-0.053177718073129654,21.946823120117188,21.946807861328125,1.4481946891464759E-5,-0.012762652710080147,59.28241729736328
1.3460000000000007E-5,-0.05884755775332451,21.941152572631836,21.941137313842773,1.4481941434496548E-5,-0.01412341371178627,59.28086853027344
1.3470000000000007E-5,-0.06451723724603653,21.935482025146484,21.935468673706055,1.4481935068033636E-5,-0.015484137460589409,59.279296875
1.3480000000000006E-5,-0.07018677145242691,21.929813385009766,21.929798126220703,1.4481929611065425E-5,-0.016844823956489563,59.2777099609375
1.3490000000000006E-5,-0.07585614174604416,21.924144744873047,21.924129486083984,1.4481924154097214E-5,-0.01820547506213188,59.27610778808594
1.3500000000000006E-5,-0.08152535557746887,21.918474197387695,21.918460845947266,1.4481918697129004E-5,-0.019566085189580917,59.27448272705078
1.3510000000000006E-5,-0.08719441294670105,21.912805557250977,21.912790298461914,1.4481913240160793E-5,-0.02092665806412697,59.2728385925293
1.3520000000000008E-5,-0.0928632989525795,21.907136917114258,21.907121658325195,1.448190687369788E-5,-0.022287191823124886,59.27117919921875
1.3530000000000008E-5,-0.09853202849626541,21.90146827697754,21.901453018188477,1.448190141672967E-5,-0.02364768646657467,59.269500732421875
1.3540000000000008E-5,-0.10420059412717819,21.89579963684082,21.895784378051758,1.448189595976146E-5,-0.02500814199447632,59.26780700683594
1.3550000000000007E-5,-0.10986898839473724,21.8901309967041,21.89011573791504,1.4481890502793249E-5,-0.026368556544184685,59.266090393066406
1.3560000000000007E-5,-0.11553721129894257,21.884462356567383,21.884449005126953,1.4481884136330336E-5,-0.027728931978344917,59.26435852050781
1.3570000000000007E-5,-0.12120527029037476,21.878795623779297,21.878780364990234,1.4481878679362126E-5,-0.029089264571666718,59.26260757446289
1.3580000000000007E-5,-0.12687315046787262,21.873126983642578,21.873111724853516,1.4481873222393915E-5,-0.030449556186795235,59.26083755493164
1.3590000000000007E-5,-0.13254086673259735,21.86745834350586,21.86744499206543,1.4481867765425704E-5,-0.03180980682373047,59.25904846191406
1.3600000000000007E-5,-0.13820840418338776,21.861791610717773,21.86177635192871,1.4481861398962792E-5,-0.03317001461982727,59.25724411010742
1.3610000000000007E-5,-0.14387574791908264,21.856124877929688,21.856109619140625,1.4481855941994581E-5,-0.03453018143773079,59.25541687011719
1.3620000000000007E-5,-0.1495429277420044,21.85045623779297,21.85044288635254,1.448185048502637E-5,-0.035890303552150726,59.25357437133789
1.3630000000000007E-5,-0.15520992875099182,21.844789505004883,21.844776153564453,1.448184502805816E-5,-0.03725038096308708,59.25171661376953
1.3640000000000007E-5,-0.16087673604488373,21.839122772216797,21.839109420776367,1.4481838661595248E-5,-0.038610417395830154,59.24983596801758
1.3650000000000007E-5,-0.1665433645248413,21.83345603942871,21.83344268798828,1.4481833204627037E-5,-0.039970409125089645,59.24794006347656
1.3660000000000006E-5,-0.17220981419086456,21.827789306640625,21.827775955200195,1.4481827747658826E-5,-0.041330356150865555,59.24602508544922
1.3670000000000006E-5,-0.1778760701417923,21.822124481201172,21.82210922241211,1.4481822290690616E-5,-0.04269025847315788,59.24409103393555
1.3680000000000006E-5,-0.1835421323776245,21.816457748413086,21.816442489624023,1.4481816833722405E-5,-0.04405011236667633,59.24213790893555
1.3690000000000008E-5,-0.1892080157995224,21.810792922973633,21.81077766418457,1.4481810467259493E-5,-0.0454099215567112,59.240169525146484
1.3700000000000008E-5,-0.19487369060516357,21.805126190185547,21.805110931396484,1.4481805010291282E-5,-0.04676968604326248,59.23817825317383
1.3710000000000008E-5,-0.20053918659687042,21.799461364746094,21.79944610595703,1.4481799553323071E-5,-0.048129402101039886,59.23617172241211
1.3720000000000008E-5,-0.20620447397232056,21.793794631958008,21.793781280517578,1.448179409635486E-5,-0.04948907345533371,59.23414611816406
1.3730000000000007E-5,-0.21186956763267517,21.788129806518555,21.788116455078125,1.4481787729891948E-5,-0.05084869638085365,59.23210525512695
1.3740000000000007E-5,-0.21753445267677307,21.7824649810791,21.782451629638672,1.4481782272923738E-5,-0.052208270877599716,59.230045318603516
1.3750000000000007E-5,-0.22319914400577545,21.77680015563965,21.77678680419922,1.4481776815955527E-5,-0.0535677969455719,59.227962493896484
1.3760000000000007E-5,-0.2288636416196823,21.771137237548828,21.771121978759766,1.4481771358987316E-5,-0.0549272745847702,59.22586441040039
1.3770000000000007E-5,-0.23452791571617126,21.765472412109375,21.765457153320312,1.4481765902019106E-5,-0.05628670006990433,59.223751068115234
1.3780000000000007E-5,-0.2401919960975647,21.759807586669922,21.759794235229492,1.4481759535556193E-5,-0.05764608085155487,59.221614837646484
1.3790000000000007E-5,-0.24585586786270142,21.7541446685791,21.75412940979004,1.4481754078587983E-5,-0.059005409479141235,59.21946334838867
1.3800000000000007E-5,-0.2515195310115814,21.74847984313965,21.74846649169922,1.4481748621619772E-5,-0.06036468595266342,59.21729278564453
1.3810000000000007E-5,-0.2571829855442047,21.742816925048828,21.742801666259766,1.4481743164651562E-5,-0.06172391399741173,59.21510314941406
1.3820000000000007E-5,-0.2628462016582489,21.737154006958008,21.737138748168945,1.4481736798188649E-5,-0.06308308988809586,59.21289825439453
1.3830000000000006E-5,-0.2685092091560364,21.731491088867188,21.731475830078125,1.4481731341220438E-5,-0.0644422098994255,59.210670471191406
1.3840000000000006E-5,-0.2741720378398895,21.725828170776367,21.725812911987305,1.4481725884252228E-5,-0.06580128520727158,59.20842742919922
1.3850000000000008E-5,-0.2798345983028412,21.720165252685547,21.720149993896484,1.4481720427284017E-5,-0.06716030836105347,59.2061653137207
1.3860000000000008E-5,-0.2854969799518585,21.714502334594727,21.714488983154297,1.4481714060821105E-5,-0.06851927191019058,59.203887939453125
1.3870000000000008E-5,-0.29115909337997437,21.70884132385254,21.708826065063477,1.4481708603852894E-5,-0.06987818330526352,59.20158767700195
1.3880000000000008E-5,-0.2968210279941559,21.70317840576172,21.70316505432129,1.4481703146884684E-5,-0.07123704254627228,59.19927215576172
1.3890000000000008E-5,-0.3024827241897583,21.69751739501953,21.69750213623047,1.4481697689916473E-5,-0.07259584963321686,59.196937561035156
1.3900000000000008E-5,-0.3081441819667816,21.691856384277344,21.69184112548828,1.4481692232948262E-5,-0.07395460456609726,59.194583892822266
1.3910000000000007E-5,-0.31380540132522583,21.686195373535156,21.686180114746094,1.448168586648535E-5,-0.07531329989433289,59.19221496582031
1.3920000000000007E-5,-0.31946641206741333,21.68053436279297,21.680519104003906,1.448168040951714E-5,-0.07667193561792374,59.189823150634766
1.3930000000000007E-5,-0.32512718439102173,21.67487335205078,21.67485809326172,1.4481674952548929E-5,-0.078030526638031,59.187416076660156
1.3940000000000007E-5,-0.330787718296051,21.669212341308594,21.66919708251953,1.4481669495580718E-5,-0.0793890506029129,59.18498992919922
1.3950000000000007E-5,-0.3364480137825012,21.663551330566406,21.663537979125977,1.4481663129117806E-5,-0.08074752241373062,59.18254852294922
1.3960000000000007E-5,-0.3421080708503723,21.65789222717285,21.65787696838379,1.4481657672149595E-5,-0.08210594207048416,59.180084228515625
1.3970000000000007E-5,-0.3477678894996643,21.652231216430664,21.652217864990234,1.4481652215181384E-5,-0.08346429467201233,59.17760467529297
1.3980000000000007E-5,-0.3534274995326996,21.64657211303711,21.64655876159668,1.4481646758213174E-5,-0.08482259511947632,59.175106048583984
1.3990000000000007E-5,-0.359086811542511,21.640913009643555,21.640897750854492,1.4481641301244963E-5,-0.08618083596229553,59.17259216308594
1.4000000000000007E-5,-0.3647459149360657,21.63525390625,21.635238647460938,1.448163493478205E-5,-0.08753902465105057,59.1700553894043
1.4010000000000006E-5,-0.37040477991104126,21.629594802856445,21.629581451416016,1.448162947781384E-5,-0.08889714628458023,59.167503356933594
1.4020000000000008E-5,-0.37606337666511536,21.62393569946289,21.62392234802246,1.448162402084563E-5,-0.09025520831346512,59.16493225097656
1.4030000000000008E-5,-0.38172173500061035,21.61827850341797,21.618263244628906,1.4481618563877419E-5,-0.09161321073770523,59.1623420715332
1.4040000000000008E-5,-0.38737982511520386,21.612619400024414,21.612606048583984,1.4481612197414506E-5,-0.09297116100788116,59.15973663330078
1.4050000000000008E-5,-0.39303767681121826,21.606962203979492,21.60694694519043,1.4481606740446296E-5,-0.09432904422283173,59.157108306884766
1.4060000000000008E-5,-0.3986952602863312,21.60130500793457,21.601289749145508,1.4481601283478085E-5,-0.09568686038255692,59.15446472167969
1.4070000000000008E-5,-0.404352605342865,21.59564781188965,21.595632553100586,1.4481595826509874E-5,-0.09704462438821793,59.15180206298828
1.4080000000000007E-5,-0.4100096821784973,21.589990615844727,21.589975357055664,1.4481590369541664E-5,-0.09840232133865356,59.14912414550781
1.4090000000000007E-5,-0.41566649079322815,21.584333419799805,21.584318161010742,1.4481584003078751E-5,-0.09975995868444443,59.14642333984375
1.4100000000000007E-5,-0.4213230609893799,21.578676223754883,21.578662872314453,1.448157854611054E-5,-0.10111752897500992,59.143707275390625
1.4110000000000007E-5,-0.42697933316230774,21.573020935058594,21.57300567626953,1.448157308914233E-5,-0.10247503966093063,59.14097213745117
1.4120000000000007E-5,-0.4326353669166565,21.567363739013672,21.567350387573242,1.448156763217412E-5,-0.10383249074220657,59.13821792602539
1.4130000000000007E-5,-0.43829113245010376,21.561708450317383,21.561695098876953,1.4481561265711207E-5,-0.10518987476825714,59.13544845581055
1.4140000000000007E-5,-0.44394662976264954,21.556053161621094,21.556039810180664,1.4481555808742996E-5,-0.10654719173908234,59.132659912109375
1.4150000000000007E-5,-0.4496018588542938,21.550397872924805,21.550384521484375,1.4481550351774786E-5,-0.10790444165468216,59.129852294921875
1.4160000000000007E-5,-0.45525678992271423,21.544742584228516,21.544729232788086,1.4481544894806575E-5,-0.10926163196563721,59.12702560424805
1.4170000000000007E-5,-0.46091148257255554,21.53908920288086,21.539073944091797,1.4481539437838364E-5,-0.11061875522136688,59.124183654785156
1.4180000000000007E-5,-0.466565877199173,21.53343391418457,21.53342056274414,1.4481533071375452E-5,-0.11197581142187119,59.12131881713867
1.4190000000000008E-5,-0.4722200036048889,21.527780532836914,21.52776527404785,1.4481527614407241E-5,-0.11333280056715012,59.118438720703125
1.4200000000000008E-5,-0.477873831987381,21.522125244140625,21.522111892700195,1.448152215743903E-5,-0.11468972265720367,59.11553955078125
1.4210000000000008E-5,-0.48352742195129395,21.51647186279297,21.51645851135254,1.448151670047082E-5,-0.11604657769203186,59.11262512207031
1.4220000000000008E-5,-0.48918068408966064,21.510818481445312,21.510805130004883,1.448151124350261E-5,-0.11740336567163467,59.10968780517578
1.4230000000000008E-5,-0.49483367800712585,21.50516700744629,21.505151748657227,1.4481504877039697E-5,-0.11876008659601212,59.10673522949219
1.4240000000000008E-5,-0.5004863739013672,21.499513626098633,21.49949836730957,1.4481499420071486E-5,-0.12011673301458359,59.10376739501953
1.4250000000000008E-5,-0.506138801574707,21.493860244750977,21.493846893310547,1.4481493963103276E-5,-0.12147331982851028,59.10077667236328
1.4260000000000007E-5,-0.5117909908294678,21.488208770751953,21.488195419311523,1.4481488506135065E-5,-0.12282983213663101,59.09777069091797
1.4270000000000007E-5,-0.5174428224563599,21.48255729675293,21.482542037963867,1.4481482139672153E-5,-0.12418627738952637,59.09474182128906
1.4280000000000007E-5,-0.5230943560600281,21.476905822753906,21.476890563964844,1.4481476682703942E-5,-0.12554264068603516,59.091697692871094
1.4290000000000007E-5,-0.5287456512451172,21.471254348754883,21.47123908996582,1.4481471225735731E-5,-0.12689894437789917,59.08863830566406
1.4300000000000007E-5,-0.5343965888023376,21.46560287475586,21.46558952331543,1.448146576876752E-5,-0.1282551884651184,59.08555603027344
1.4310000000000007E-5,-0.5400472283363342,21.45995330810547,21.459938049316406,1.448146031179931E-5,-0.12961134314537048,59.08245849609375
1.4320000000000007E-5,-0.5456976294517517,21.454301834106445,21.454288482666016,1.4481453945336398E-5,-0.1309674233198166,59.079341888427734
1.4330000000000007E-5,-0.5513476729393005,21.448652267456055,21.448637008666992,1.4481448488368187E-5,-0.13232344388961792,59.076210021972656
1.4340000000000007E-5,-0.5569974780082703,21.443002700805664,21.4429874420166,1.4481443031399976E-5,-0.13367938995361328,59.073055267333984
1.4350000000000007E-5,-0.5626469254493713,21.437353134155273,21.43733787536621,1.4481437574431766E-5,-0.13503526151180267,59.06988525390625
1.4360000000000008E-5,-0.5682960748672485,21.431703567504883,21.431690216064453,1.4481432117463555E-5,-0.1363910585641861,59.06669616699219
1.4370000000000008E-5,-0.5739449262619019,21.426055908203125,21.426040649414062,1.4481425751000643E-5,-0.13774678111076355,59.0634880065918
1.4380000000000008E-5,-0.5795934200286865,21.420406341552734,21.420392990112305,1.4481420294032432E-5,-0.13910242915153503,59.060264587402344
1.4390000000000008E-5,-0.5852416753768921,21.414758682250977,21.414743423461914,1.4481414837064222E-5,-0.14045800268650055,59.0570182800293
1.4400000000000008E-5,-0.590889573097229,21.40911102294922,21.409095764160156,1.4481409380096011E-5,-0.1418135017156601,59.05375671386719
1.4410000000000008E-5,-0.596537172794342,21.40346336364746,21.4034481048584,1.4481403013633098E-5,-0.14316892623901367,59.050479888916016
1.4420000000000008E-5,-0.6021844744682312,21.397815704345703,21.39780044555664,1.4481397556664888E-5,-0.14452426135540009,59.04718017578125
1.4430000000000008E-5,-0.6078314185142517,21.392168045043945,21.392154693603516,1.4481392099696677E-5,-0.14587953686714172,59.04386520385742
1.4440000000000007E-5,-0.6134780645370483,21.38652229309082,21.386507034301758,1.4481386642728467E-5,-0.1472347378730774,59.040531158447266
1.4450000000000007E-5,-0.6191243529319763,21.380876541137695,21.380861282348633,1.4481381185760256E-5,-0.1485898494720459,59.03717803955078
1.4460000000000007E-5,-0.6247703433036804,21.375228881835938,21.375215530395508,1.4481374819297343E-5,-0.14994488656520844,59.03380584716797
1.4470000000000007E-5,-0.6304160356521606,21.369583129882812,21.369569778442383,1.4481369362329133E-5,-0.151299849152565,59.030418395996094
1.4480000000000007E-5,-0.6360613703727722,21.36393928527832,21.363924026489258,1.4481363905360922E-5,-0.1526547372341156,59.02701187133789
1.4490000000000007E-5,-0.6417064070701599,21.358293533325195,21.358278274536133,1.4481358448392712E-5,-0.15400953590869904,59.02358627319336
1.4500000000000007E-5,-0.647351086139679,21.352649688720703,21.35263442993164,1.4481352991424501E-5,-0.1553642600774765,59.020145416259766
1.4510000000000007E-5,-0.6529954075813293,21.347003936767578,21.34699058532715,1.4481346624961589E-5,-0.156718909740448,59.01668167114258
1.4520000000000007E-5,-0.6586394309997559,21.341360092163086,21.341346740722656,1.4481341167993378E-5,-0.15807346999645233,59.01320266723633
1.4530000000000008E-5,-0.6642831563949585,21.335716247558594,21.335702896118164,1.4481335711025167E-5,-0.1594279557466507,59.009708404541016
1.4540000000000008E-5,-0.6699264645576477,21.330074310302734,21.330059051513672,1.4481330254056957E-5,-0.1607823520898819,59.00619125366211
1.4550000000000008E-5,-0.675569474697113,21.324430465698242,21.32441520690918,1.4481324797088746E-5,-0.16213667392730713,59.00265884399414
1.4560000000000008E-5,-0.6812121868133545,21.318788528442383,21.31877326965332,1.4481318430625834E-5,-0.1634909212589264,58.999107360839844
1.4570000000000008E-5,-0.6868544816970825,21.31314468383789,21.31313133239746,1.4481312973657623E-5,-0.1648450791835785,58.99553680419922
1.4580000000000008E-5,-0.6924964785575867,21.30750274658203,21.3074893951416,1.4481307516689412E-5,-0.16619914770126343,58.991947174072266
1.4590000000000008E-5,-0.6981381177902222,21.301862716674805,21.301847457885742,1.4481302059721202E-5,-0.1675531417131424,58.98834228515625
1.4600000000000008E-5,-0.703779399394989,21.296220779418945,21.296205520629883,1.4481296602752991E-5,-0.1689070612192154,58.984718322753906
1.4610000000000008E-5,-0.7094203233718872,21.290578842163086,21.290565490722656,1.4481290236290079E-5,-0.17026089131832123,58.981075286865234
1.4620000000000007E-5,-0.7150609493255615,21.28493881225586,21.28492546081543,1.4481284779321868E-5,-0.1716146320104599,58.9774169921875
1.4630000000000007E-5,-0.7207011580467224,21.279298782348633,21.27928352355957,1.4481279322353657E-5,-0.1729682832956314,58.97373580932617
1.4640000000000007E-5,-0.7263410687446594,21.273658752441406,21.273645401000977,1.4481273865385447E-5,-0.17432186007499695,58.97003936767578
1.4650000000000007E-5,-0.7319806218147278,21.26801872253418,21.26800537109375,1.4481268408417236E-5,-0.17567534744739532,58.96632766723633
1.4660000000000007E-5,-0.7376197576522827,21.262380599975586,21.262365341186523,1.4481262041954324E-5,-0.17702874541282654,58.96259307861328
1.4670000000000007E-5,-0.7432585954666138,21.25674057006836,21.25672721862793,1.4481256584986113E-5,-0.1783820539712906,58.95884323120117
1.4680000000000007E-5,-0.7488970160484314,21.251102447509766,21.251089096069336,1.4481251128017902E-5,-0.17973528802394867,58.955074310302734
1.4690000000000008E-5,-0.7545351386070251,21.245464324951172,21.245450973510742,1.4481245671049692E-5,-0.1810884326696396,58.95128631591797
1.4700000000000008E-5,-0.7601728439331055,21.23982810974121,21.23981285095215,1.4481240214081481E-5,-0.18244148790836334,58.947479248046875
1.4710000000000008E-5,-0.7658101916313171,21.234189987182617,21.234174728393555,1.4481233847618569E-5,-0.18379445374011993,58.94365692138672
1.4720000000000008E-5,-0.7714471817016602,21.228551864624023,21.228538513183594,1.4481228390650358E-5,-0.18514733016490936,58.939815521240234
1.4730000000000008E-5,-0.7770838141441345,21.222915649414062,21.222902297973633,1.4481222933682147E-5,-0.18650011718273163,58.93595504760742
1.4740000000000008E-5,-0.7827200889587402,21.2172794342041,21.217266082763672,1.4481217476713937E-5,-0.18785281479358673,58.93207931518555
1.4750000000000008E-5,-0.7883559465408325,21.21164321899414,21.21162986755371,1.4481212019745726E-5,-0.18920542299747467,58.928184509277344
1.4760000000000008E-5,-0.7939914464950562,21.206008911132812,21.20599365234375,1.4481205653282814E-5,-0.19055794179439545,58.92427062988281
1.4770000000000008E-5,-0.7996265888214111,21.20037269592285,21.200359344482422,1.4481200196314603E-5,-0.19191037118434906,58.92033767700195
1.4780000000000008E-5,-0.8052613139152527,21.194738388061523,21.194725036621094,1.4481194739346392E-5,-0.1932627111673355,58.916385650634766
1.4790000000000007E-5,-0.8108956813812256,21.189104080200195,21.189090728759766,1.4481189282378182E-5,-0.1946149617433548,58.912418365478516
1.4800000000000007E-5,-0.8165296912193298,21.183469772338867,21.183456420898438,1.4481183825409971E-5,-0.19596712291240692,58.90843200683594
1.4810000000000007E-5,-0.8221632838249207,21.177837371826172,21.17782211303711,1.4481177458947059E-5,-0.1973191797733307,58.9044303894043
1.4820000000000007E-5,-0.8277965188026428,21.172203063964844,21.172189712524414,1.4481172001978848E-5,-0.1986711621284485,58.90040588378906
1.4830000000000007E-5,-0.8334293365478516,21.16657066345215,21.166555404663086,1.4481166545010637E-5,-0.20002304017543793,58.896366119384766
1.4840000000000007E-5,-0.8390617966651917,21.160938262939453,21.16092300415039,1.4481161088042427E-5,-0.2013748288154602,58.89230728149414
1.4850000000000007E-5,-0.8446938395500183,21.155305862426758,21.155292510986328,1.4481155631074216E-5,-0.20272651314735413,58.88823318481445
1.4860000000000008E-5,-0.8503254652023315,21.149675369262695,21.149660110473633,1.4481149264611304E-5,-0.20407812297344208,58.88413619995117
1.4870000000000008E-5,-0.8559567928314209,21.14404296875,21.14402961730957,1.4481143807643093E-5,-0.20542962849140167,58.88002395629883
1.4880000000000008E-5,-0.861587643623352,21.138412475585938,21.138397216796875,1.4481138350674883E-5,-0.2067810297012329,58.875892639160156
1.4890000000000008E-5,-0.8672181367874146,21.132781982421875,21.132766723632812,1.4481132893706672E-5,-0.20813234150409698,58.87174606323242
1.4900000000000008E-5,-0.8728482127189636,21.127151489257812,21.127138137817383,1.4481127436738461E-5,-0.2094835638999939,58.867576599121094
1.4910000000000008E-5,-0.8784778714179993,21.121522903442383,21.12150764465332,1.4481121070275549E-5,-0.21083469688892365,58.8633918762207
1.4920000000000008E-5,-0.8841071724891663,21.11589241027832,21.11587905883789,1.4481115613307338E-5,-0.21218571066856384,58.85919189453125
1.4930000000000008E-5,-0.8897360563278198,21.11026382446289,21.110248565673828,1.4481110156339128E-5,-0.21353664994239807,58.8549690246582
1.4940000000000008E-5,-0.89536452293396,21.10463523864746,21.10462188720703,1.4481104699370917E-5,-0.21488748490810394,58.850730895996094
1.4950000000000008E-5,-0.9009925723075867,21.09900665283203,21.0989933013916,1.4481099242402706E-5,-0.21623821556568146,58.846473693847656
1.4960000000000008E-5,-0.9066202044487,21.093379974365234,21.093364715576172,1.4481093785434496E-5,-0.2175888568162918,58.84219741821289
1.4970000000000007E-5,-0.9122474789619446,21.087753295898438,21.087738037109375,1.4481087418971583E-5,-0.2189393937587738,58.83790588378906
1.4980000000000007E-5,-0.917874276638031,21.08212661743164,21.082111358642578,1.4481081962003373E-5,-0.22028982639312744,58.83359146118164
1.4990000000000007E-5,-0.9235007166862488,21.076499938964844,21.07648468017578,1.4481076505035162E-5,-0.22164016962051392,58.829261779785156
1.5000000000000007E-5,-0.9291267395019531,21.070873260498047,21.070858001708984,1.4481071048066951E-5,-0.22299040853977203,58.82491683959961
1.5010000000000007E-5,-0.9347522854804993,21.065248489379883,21.06523323059082,1.448106559109874E-5,-0.224340558052063,58.82054901123047
1.5020000000000007E-5,-0.9403774738311768,21.059621810913086,21.059608459472656,1.4481059224635828E-5,-0.2256905883550644,58.816165924072266
1.5030000000000009E-5,-0.946002185344696,21.053997039794922,21.053983688354492,1.4481053767667618E-5,-0.22704052925109863,58.811763763427734
1.5040000000000008E-5,-0.9516265392303467,21.04837417602539,21.048358917236328,1.4481048310699407E-5,-0.22839036583900452,58.80734634399414
1.5050000000000008E-5,-0.9572504162788391,21.042749404907227,21.042734146118164,1.4481042853731196E-5,-0.22974009811878204,58.80290985107422
1.5060000000000008E-5,-0.9628739356994629,21.037126541137695,21.037111282348633,1.4481037396762986E-5,-0.2310897409915924,58.79845428466797
1.5070000000000008E-5,-0.9684969782829285,21.031503677368164,21.0314884185791,1.4481031939794775E-5,-0.23243926465511322,58.79397964477539
1.5080000000000008E-5,-0.9741195440292358,21.025880813598633,21.02586555480957,1.4481025573331863E-5,-0.23378869891166687,58.789485931396484
1.5090000000000008E-5,-0.9797417521476746,21.0202579498291,21.020244598388672,1.4481020116363652E-5,-0.23513802886009216,58.784976959228516
1.5100000000000008E-5,-0.9853634834289551,21.014636993408203,21.01462173461914,1.4481014659395441E-5,-0.2364872395992279,58.78044891357422
1.5110000000000008E-5,-0.9909848570823669,21.009016036987305,21.009000778198242,1.448100920242723E-5,-0.23783636093139648,58.77590560913086
1.5120000000000008E-5,-0.9966056942939758,21.003395080566406,21.003379821777344,1.448100374545902E-5,-0.2391853779554367,58.771339416503906
1.5130000000000008E-5,-1.0022261142730713,20.997774124145508,20.997758865356445,1.4480997378996108E-5,-0.24053427577018738,58.76675796508789
1.5140000000000008E-5,-1.0078461170196533,20.99215316772461,20.99213981628418,1.4480991922027897E-5,-0.2418830841779709,58.76215744018555
1.5150000000000007E-5,-1.0134657621383667,20.986534118652344,20.98651885986328,1.4480986465059686E-5,-0.24323177337646484,58.75754165649414
1.5160000000000007E-5,-1.0190848112106323,20.980915069580078,20.980899810791016,1.4480981008091476E-5,-0.24458037316799164,58.75290298461914
1.5170000000000007E-5,-1.0247035026550293,20.975296020507812,20.975282669067383,1.4480975551123265E-5,-0.24592885375022888,58.74824905395508
1.5180000000000007E-5,-1.030321717262268,20.96967887878418,20.969663619995117,1.4480970094155055E-5,-0.24727723002433777,58.74357986450195
1.5190000000000007E-5,-1.0359395742416382,20.964059829711914,20.964046478271484,1.4480963727692142E-5,-0.2486254870891571,58.738887786865234
1.5200000000000009E-5,-1.04155695438385,20.95844268798828,20.95842933654785,1.4480958270723931E-5,-0.24997365474700928,58.73418045043945
1.5210000000000009E-5,-1.0471737384796143,20.95282554626465,20.95281219482422,1.4480952813755721E-5,-0.2513217031955719,58.729454040527344
1.5220000000000008E-5,-1.0527901649475098,20.94721031188965,20.947195053100586,1.448094735678751E-5,-0.25266966223716736,58.724708557128906
1.5230000000000008E-5,-1.0584062337875366,20.941593170166016,20.941579818725586,1.44809418998193E-5,-0.2540174722671509,58.719947814941406
1.5240000000000008E-5,-1.0640217065811157,20.935977935791016,20.935964584350586,1.4480935533356387E-5,-0.2553652226924896,58.71516799926758
1.5250000000000008E-5,-1.0696368217468262,20.930362701416016,20.930349349975586,1.4480930076388177E-5,-0.25671282410621643,58.71036911010742
1.5260000000000006E-5,-1.0752513408660889,20.92474937438965,20.924734115600586,1.4480924619419966E-5,-0.2580603361129761,58.7055549621582
1.5270000000000008E-5,-1.080865502357483,20.91913414001465,20.91912078857422,1.4480919162451755E-5,-0.25940772891044617,58.70071792602539
1.528000000000001E-5,-1.0864791870117188,20.91352081298828,20.91350555419922,1.4480913705483545E-5,-0.2607550024986267,58.69586944580078
1.5290000000000008E-5,-1.0920923948287964,20.907907485961914,20.90789222717285,1.4480908248515334E-5,-0.2621021866798401,58.69099807739258
1.530000000000001E-5,-1.0977051258087158,20.902294158935547,20.902280807495117,1.4480901882052422E-5,-0.2634492516517639,58.68611145019531
1.5310000000000008E-5,-1.1033174991607666,20.896682739257812,20.89666748046875,1.4480896425084211E-5,-0.2647961974143982,58.68120193481445
1.532000000000001E-5,-1.1089292764663696,20.891071319580078,20.891056060791016,1.4480890968116E-5,-0.2661430239677429,58.6762809753418
1.5330000000000007E-5,-1.1145405769348145,20.885459899902344,20.88544464111328,1.448088551114779E-5,-0.2674897313117981,58.67133712768555
1.534000000000001E-5,-1.1201515197753906,20.87984848022461,20.879833221435547,1.4480880054179579E-5,-0.2688363492488861,58.666378021240234
1.5350000000000007E-5,-1.125761866569519,20.874238967895508,20.874223709106445,1.4480874597211368E-5,-0.27018284797668457,58.661399841308594
1.536000000000001E-5,-1.1313717365264893,20.868627548217773,20.868614196777344,1.4480868230748456E-5,-0.2715292274951935,58.656402587890625
1.5370000000000007E-5,-1.1369812488555908,20.863018035888672,20.863004684448242,1.4480862773780245E-5,-0.27287548780441284,58.651390075683594
1.538000000000001E-5,-1.1425901651382446,20.857410430908203,20.85739517211914,1.4480857316812035E-5,-0.27422162890434265,58.646358489990234
1.5390000000000007E-5,-1.1481986045837402,20.8518009185791,20.851787567138672,1.4480851859843824E-5,-0.2755676805973053,58.64130783081055
1.540000000000001E-5,-1.1538065671920776,20.846193313598633,20.84617805480957,1.4480846402875613E-5,-0.276913583278656,58.63623809814453
1.5410000000000007E-5,-1.1594141721725464,20.840585708618164,20.8405704498291,1.4480840945907403E-5,-0.27825939655303955,58.63115310668945
1.5420000000000008E-5,-1.1650211811065674,20.834978103637695,20.834964752197266,1.448083457944449E-5,-0.27960506081581116,58.62604904174805
1.5430000000000006E-5,-1.1706277132034302,20.82937240600586,20.829357147216797,1.448082912247628E-5,-0.2809506356716156,58.62092971801758
1.5440000000000008E-5,-1.1762337684631348,20.823766708374023,20.82375144958496,1.4480823665508069E-5,-0.2822960913181305,58.615787506103516
1.545000000000001E-5,-1.1818392276763916,20.818161010742188,20.818145751953125,1.4480818208539858E-5,-0.28364142775535583,58.61063003540039
1.5460000000000008E-5,-1.1874443292617798,20.81255531311035,20.812541961669922,1.4480812751571648E-5,-0.2849866449832916,58.60545349121094
1.547000000000001E-5,-1.1930488348007202,20.80695152282715,20.806936264038086,1.4480807294603437E-5,-0.28633174300193787,58.60026168823242
1.5480000000000008E-5,-1.198652982711792,20.801347732543945,20.801332473754883,1.4480800928140525E-5,-0.28767669200897217,58.59505081176758
1.549000000000001E-5,-1.204256534576416,20.795743942260742,20.79572868347168,1.4480795471172314E-5,-0.2890215516090393,58.589820861816406
1.5500000000000007E-5,-1.2098596096038818,20.79014015197754,20.79012680053711,1.4480790014204103E-5,-0.2903662919998169,58.584571838378906
1.551000000000001E-5,-1.2154620885849,20.78453826904297,20.784523010253906,1.4480784557235893E-5,-0.29171091318130493,58.579307556152344
1.5520000000000007E-5,-1.2210642099380493,20.7789363861084,20.778921127319336,1.4480779100267682E-5,-0.2930554151535034,58.57402420043945
1.553000000000001E-5,-1.226665735244751,20.773334503173828,20.773319244384766,1.4480773643299472E-5,-0.29439976811408997,58.568721771240234
1.5540000000000007E-5,-1.2322667837142944,20.767732620239258,20.767719268798828,1.448076727683656E-5,-0.29574403166770935,58.56340408325195
1.555000000000001E-5,-1.2378673553466797,20.76213264465332,20.762117385864258,1.4480761819868349E-5,-0.2970881462097168,58.558067321777344
1.5560000000000007E-5,-1.2434673309326172,20.756532669067383,20.75651741027832,1.4480756362900138E-5,-0.2984321713447571,58.552711486816406
1.557000000000001E-5,-1.2490668296813965,20.750932693481445,20.750919342041016,1.4480750905931927E-5,-0.2997760474681854,58.54733657836914
1.5580000000000007E-5,-1.2546658515930176,20.74533462524414,20.745319366455078,1.4480745448963717E-5,-0.3011198043823242,58.54194641113281
1.5590000000000008E-5,-1.246623158454895,20.753376007080078,-1.4439247024711221E-5,20.75339126586914,-0.29918956756591797,58.53985595703125
1.5600000000000006E-5,-1.2385802268981934,20.76141929626465,-1.4439238839258906E-5,20.76143455505371,-0.29725927114486694,58.53779220581055
1.5610000000000008E-5,-1.2305371761322021,20.76946258544922,-1.443923065380659E-5,20.76947784423828,-0.29532891511917114,58.53575134277344
1.562000000000001E-5,-1.2224940061569214,20.77750587463379,-1.4439222468354274E-5,20.77752113342285,-0.29339855909347534,58.53373718261719
1.5630000000000008E-5,-1.214450478553772,20.78554916381836,-1.4439214282901958E-5,20.785564422607422,-0.2914681136608124,58.5317497253418
1.564000000000001E-5,-1.2064069509506226,20.79359245300293,-1.4439206097449642E-5,20.793607711791992,-0.2895376682281494,58.529788970947266
1.5650000000000008E-5,-1.1983630657196045,20.801637649536133,-1.4439197911997326E-5,20.801651000976562,-0.2876071631908417,58.527854919433594
1.566000000000001E-5,-1.1903191804885864,20.809680938720703,-1.4439190636039712E-5,20.809694290161133,-0.28567659854888916,58.52594757080078
1.5670000000000008E-5,-1.1822750568389893,20.817724227905273,-1.4439182450587396E-5,20.817739486694336,-0.28374600410461426,58.52406311035156
1.568000000000001E-5,-1.174230694770813,20.825769424438477,-1.443917426513508E-5,20.825782775878906,-0.28181537985801697,58.5222053527832
1.5690000000000007E-5,-1.1661863327026367,20.83381462097168,-1.4439166079682764E-5,20.83382797241211,-0.2798846960067749,58.5203742980957
1.570000000000001E-5,-1.1581416130065918,20.84185791015625,-1.4439157894230448E-5,20.841873168945312,-0.27795401215553284,58.51856994628906
1.5710000000000007E-5,-1.1500968933105469,20.849903106689453,-1.4439149708778132E-5,20.849918365478516,-0.2760232388973236,58.516788482666016
1.572000000000001E-5,-1.1420519351959229,20.857948303222656,-1.4439142432820518E-5,20.857961654663086,-0.2740924656391144,58.515037536621094
1.5730000000000007E-5,-1.1340068578720093,20.86599349975586,-1.4439134247368202E-5,20.86600685119629,-0.2721616327762604,58.513309478759766
1.574000000000001E-5,-1.1259615421295166,20.874038696289062,-1.4439126061915886E-5,20.874052047729492,-0.270230770111084,58.5116081237793
1.5750000000000007E-5,-1.117916226387024,20.882083892822266,-1.443911787646357E-5,20.882097244262695,-0.2682998776435852,58.50993347167969
1.576000000000001E-5,-1.1098706722259521,20.89012908935547,-1.4439109691011254E-5,20.89014434814453,-0.26636895537376404,58.50828170776367
1.5770000000000007E-5,-1.1018249988555908,20.898174285888672,-1.4439101505558938E-5,20.898189544677734,-0.2644379734992981,58.50666046142578
1.5780000000000008E-5,-1.0937790870666504,20.906221389770508,-1.4439093320106622E-5,20.906234741210938,-0.26250699162483215,58.505062103271484
1.579000000000001E-5,-1.08573317527771,20.91426658630371,-1.4439086044149008E-5,20.914281845092773,-0.26057595014572144,58.50349044799805
1.5800000000000008E-5,-1.0776870250701904,20.922313690185547,-1.4439077858696692E-5,20.922327041625977,-0.25864487886428833,58.50194549560547
1.581000000000001E-5,-1.0696407556533813,20.93035888671875,-1.4439069673244376E-5,20.930374145507812,-0.25671377778053284,58.50042724609375
1.5820000000000008E-5,-1.0615943670272827,20.938405990600586,-1.443906148779206E-5,20.938419342041016,-0.25478264689445496,58.498931884765625
1.583000000000001E-5,-1.0535478591918945,20.946453094482422,-1.4439053302339744E-5,20.94646644592285,-0.2528514862060547,58.497467041015625
1.5840000000000008E-5,-1.0455012321472168,20.954498291015625,-1.4439045116887428E-5,20.954513549804688,-0.25092029571533203,58.49602508544922
1.585000000000001E-5,-1.0374544858932495,20.96254539489746,-1.4439037840929814E-5,20.962560653686523,-0.2489890605211258,58.49460983276367
1.5860000000000007E-5,-1.0294075012207031,20.970592498779297,-1.4439029655477498E-5,20.97060775756836,-0.24705781042575836,58.493221282958984
1.587000000000001E-5,-1.0213605165481567,20.978639602661133,-1.4439021470025182E-5,20.978652954101562,-0.24512653052806854,58.49185562133789
1.5880000000000007E-5,-1.0133134126663208,20.98668670654297,-1.4439013284572866E-5,20.9867000579834,-0.24319522082805634,58.49052047729492
1.589000000000001E-5,-1.0052661895751953,20.994733810424805,-1.443900509912055E-5,20.994749069213867,-0.24126388132572174,58.48920822143555
1.5900000000000007E-5,-0.9972187876701355,21.00278091430664,-1.4438996913668234E-5,21.002796173095703,-0.23933251202106476,58.48792266845703
1.591000000000001E-5,-0.9891713261604309,21.010828018188477,-1.4438988728215918E-5,21.01084327697754,-0.2374011129140854,58.486663818359375
1.5920000000000007E-5,-0.9811237454414368,21.018877029418945,-1.4438981452258304E-5,21.018890380859375,-0.23546969890594482,58.48542785644531
1.593000000000001E-5,-0.9730760455131531,21.02692413330078,-1.4438973266805988E-5,21.02693748474121,-0.23353825509548187,58.484222412109375
1.5940000000000007E-5,-0.9650282263755798,21.034971237182617,-1.4438965081353672E-5,21.03498649597168,-0.23160678148269653,58.48303985595703
1.5950000000000008E-5,-0.9569803476333618,21.043020248413086,-1.4438956895901356E-5,21.043033599853516,-0.2296752780675888,58.48188400268555
1.596000000000001E-5,-0.9489323496818542,21.051067352294922,-1.443894871044904E-5,21.051082611083984,-0.22774375975131989,58.48075485229492
1.5970000000000008E-5,-0.9408842921257019,21.05911636352539,-1.4438940524996724E-5,21.05912971496582,-0.22581222653388977,58.479652404785156
1.598000000000001E-5,-0.9328360557556152,21.067163467407227,-1.443893324903911E-5,21.06717872619629,-0.22388066351413727,58.478572845458984
1.5990000000000008E-5,-0.9247878193855286,21.075212478637695,-1.4438925063586794E-5,21.075225830078125,-0.22194907069206238,58.47752380371094
1.600000000000001E-5,-0.9167394638061523,21.083261489868164,-1.4438916878134478E-5,21.083274841308594,-0.2200174629688263,58.476497650146484
1.6010000000000008E-5,-0.9086909890174866,21.09130859375,-1.4438908692682162E-5,21.091323852539062,-0.21808584034442902,58.47549819946289
1.602000000000001E-5,-0.900642454624176,21.09935760498047,-1.4438900507229846E-5,21.09937286376953,-0.21615418791770935,58.47452163696289
1.6030000000000007E-5,-0.8925938606262207,21.107406616210938,-1.443889232177753E-5,21.107419967651367,-0.2142225205898285,58.473575592041016
1.604000000000001E-5,-0.8845451474189758,21.115455627441406,-1.4438884136325214E-5,21.115468978881836,-0.21229083836078644,58.472652435302734
1.6050000000000007E-5,-0.8764963746070862,21.123502731323242,-1.44388768603676E-5,21.123517990112305,-0.210359126329422,58.47175979614258
1.606000000000001E-5,-0.8684475421905518,21.13155174255371,-1.4438868674915284E-5,21.131567001342773,-0.20842739939689636,58.470890045166016
1.6070000000000007E-5,-0.8603985905647278,21.13960075378418,-1.4438860489462968E-5,21.139616012573242,-0.20649565756320953,58.47004318237305
1.608000000000001E-5,-0.852349579334259,21.14764976501465,-1.4438852304010652E-5,21.14766502380371,-0.2045639008283615,58.4692268371582
1.6090000000000007E-5,-0.8443005681037903,21.155698776245117,-1.4438844118558336E-5,21.15571403503418,-0.2026321291923523,58.46843338012695
1.610000000000001E-5,-0.836251437664032,21.163747787475586,-1.443883593310602E-5,21.16376304626465,-0.20070034265518188,58.46767044067383
1.6110000000000007E-5,-0.8282022476196289,21.171798706054688,-1.4438827747653704E-5,21.171812057495117,-0.19876854121685028,58.4669303894043
1.6120000000000008E-5,-0.820152997970581,21.179847717285156,-1.443882047169609E-5,21.179861068725586,-0.19683672487735748,58.466217041015625
1.613000000000001E-5,-0.8121036887168884,21.187896728515625,-1.4438812286243774E-5,21.187910079956055,-0.1949048936367035,58.46552658081055
1.6140000000000008E-5,-0.804054319858551,21.195945739746094,-1.4438804100791458E-5,21.195959091186523,-0.1929730474948883,58.464866638183594
1.615000000000001E-5,-0.7960049510002136,21.203994750976562,-1.4438795915339142E-5,21.204010009765625,-0.19104118645191193,58.464229583740234
1.6160000000000008E-5,-0.7879554629325867,21.21204376220703,-1.4438787729886826E-5,21.212059020996094,-0.18910931050777435,58.463619232177734
1.617000000000001E-5,-0.7799059748649597,21.220094680786133,-1.443877954443451E-5,21.220108032226562,-0.18717743456363678,58.463035583496094
1.6180000000000008E-5,-0.771856427192688,21.2281436920166,-1.4438772268476896E-5,21.22815704345703,-0.185245543718338,58.46247863769531
1.619000000000001E-5,-0.7638068199157715,21.23619270324707,-1.443876408302458E-5,21.236207962036133,-0.18331363797187805,58.461944580078125
1.6200000000000008E-5,-0.755757212638855,21.244243621826172,-1.4438755897572264E-5,21.2442569732666,-0.1813817322254181,58.46144104003906
1.621000000000001E-5,-0.7477074861526489,21.25229263305664,-1.4438747712119948E-5,21.25230598449707,-0.17944979667663574,58.460960388183594
1.6220000000000007E-5,-0.7396578192710876,21.26034164428711,-1.4438739526667632E-5,21.260356903076172,-0.1775178760290146,58.460506439208984
1.623000000000001E-5,-0.7316080927848816,21.26839256286621,-1.4438731341215316E-5,21.26840591430664,-0.17558594048023224,58.460079193115234
1.6240000000000007E-5,-0.7235583066940308,21.27644157409668,-1.4438723155763E-5,21.276456832885742,-0.1736539900302887,58.45967483520508
1.625000000000001E-5,-0.7155085206031799,21.28449058532715,-1.4438715879805386E-5,21.28450584411621,-0.17172203958034515,58.45930099487305
1.6260000000000007E-5,-0.7074586749076843,21.29254150390625,-1.443870769435307E-5,21.29255485534668,-0.1697900891304016,58.45895004272461
1.627000000000001E-5,-0.6994088292121887,21.30059051513672,-1.4438699508900754E-5,21.30060577392578,-0.16785812377929688,58.45862579345703
1.6280000000000007E-5,-0.6913589835166931,21.30864143371582,-1.4438691323448438E-5,21.30865478515625,-0.16592615842819214,58.45832824707031
1.629000000000001E-5,-0.6833090782165527,21.31669044494629,-1.4438683137996122E-5,21.31670570373535,-0.1639941781759262,58.45805358886719
1.630000000000001E-5,-0.6752591729164124,21.32474136352539,-1.4438674952543806E-5,21.32475471496582,-0.16206219792366028,58.45780944824219
1.6310000000000008E-5,-0.667209267616272,21.33279037475586,-1.443866676709149E-5,21.332805633544922,-0.16013021767139435,58.45758819580078
1.632000000000001E-5,-0.6591593623161316,21.34084129333496,-1.4438659491133876E-5,21.34085464477539,-0.15819823741912842,58.457393646240234
1.6330000000000008E-5,-0.6511093974113464,21.34889030456543,-1.443865130568156E-5,21.348905563354492,-0.1562662571668625,58.45722579956055
1.634000000000001E-5,-0.643059492111206,21.35694122314453,-1.4438643120229244E-5,21.35695457458496,-0.15433427691459656,58.45708465576172
1.6350000000000008E-5,-0.6350095272064209,21.364990234375,-1.4438634934776928E-5,21.365005493164062,-0.15240228176116943,58.456966400146484
1.636000000000001E-5,-0.6269595623016357,21.3730411529541,-1.4438626749324612E-5,21.37305450439453,-0.1504703015089035,58.45687484741211
1.6370000000000008E-5,-0.6189096570014954,21.38109016418457,-1.4438618563872296E-5,21.381105422973633,-0.14853832125663757,58.456809997558594
1.638000000000001E-5,-0.6108596920967102,21.389141082763672,-1.4438611287914682E-5,21.3891544342041,-0.14660632610321045,58.45677185058594
1.6390000000000007E-5,-0.6028097867965698,21.39719009399414,-1.4438603102462366E-5,21.397205352783203,-0.14467434585094452,58.45676040649414
1.640000000000001E-5,-0.5947598814964294,21.405241012573242,-1.443859491701005E-5,21.405254364013672,-0.1427423655986786,58.4567756652832
1.6410000000000007E-5,-0.5867099165916443,21.41329002380371,-1.4438586731557734E-5,21.413305282592773,-0.14081038534641266,58.45681381225586
1.642000000000001E-5,-0.5786600708961487,21.42133903503418,-1.4438578546105418E-5,21.421354293823242,-0.13887840509414673,58.456878662109375
1.6430000000000007E-5,-0.5706101655960083,21.42938995361328,-1.4438570360653102E-5,21.42940330505371,-0.136946439743042,58.45697021484375
1.644000000000001E-5,-0.5625603199005127,21.43743896484375,-1.4438562175200786E-5,21.437454223632812,-0.13501447439193726,58.457088470458984
1.6450000000000007E-5,-0.5545104742050171,21.44548988342285,-1.4438554899243172E-5,21.44550323486328,-0.13308250904083252,58.45722961425781
1.646000000000001E-5,-0.5464606285095215,21.45353889465332,-1.4438546713790856E-5,21.453554153442383,-0.13115055859088898,58.457401275634766
1.647000000000001E-5,-0.5384108424186707,21.461589813232422,-1.443853852833854E-5,21.46160316467285,-0.12921860814094543,58.45759582519531
1.6480000000000008E-5,-0.5303611159324646,21.46963882446289,-1.4438530342886224E-5,21.469654083251953,-0.1272866576910019,58.45781707763672
1.649000000000001E-5,-0.5223113894462585,21.47768783569336,-1.4438522157433908E-5,21.477703094482422,-0.12535472214221954,58.45806121826172
1.6500000000000008E-5,-0.5142616629600525,21.48573875427246,-1.4438513971981592E-5,21.48575210571289,-0.12342280149459839,58.458335876464844
1.651000000000001E-5,-0.5062119960784912,21.49378776550293,-1.4438505786529277E-5,21.493803024291992,-0.12149088084697723,58.45863342285156
1.6520000000000008E-5,-0.4981623888015747,21.5018367767334,-1.4438498510571662E-5,21.50185203552246,-0.11955896764993668,58.458961486816406
1.653000000000001E-5,-0.4901127815246582,21.5098876953125,-1.4438490325119346E-5,21.50990104675293,-0.11762706935405731,58.459312438964844
1.6540000000000008E-5,-0.48206326365470886,21.51793670654297,-1.443848213966703E-5,21.51795196533203,-0.11569517850875854,58.459686279296875
1.655000000000001E-5,-0.4740137457847595,21.525985717773438,-1.4438473954214714E-5,21.5260009765625,-0.11376330256462097,58.46009063720703
1.6560000000000007E-5,-0.46596431732177734,21.53403663635254,-1.4438465768762399E-5,21.53404998779297,-0.111831434071064,58.46051788330078
1.657000000000001E-5,-0.45791491866111755,21.542085647583008,-1.4438457583310083E-5,21.542098999023438,-0.10989958047866821,58.460975646972656
1.6580000000000007E-5,-0.44986557960510254,21.550134658813477,-1.4438449397857767E-5,21.550148010253906,-0.10796773433685303,58.461456298828125
1.659000000000001E-5,-0.4418162703514099,21.558183670043945,-1.4438442121900152E-5,21.558198928833008,-0.10603591054677963,58.46195983886719
1.6600000000000007E-5,-0.43376705050468445,21.566232681274414,-1.4438433936447836E-5,21.566247940063477,-0.10410409420728683,58.462493896484375
1.661000000000001E-5,-0.42571789026260376,21.574281692504883,-1.443842575099552E-5,21.574296951293945,-0.10217229276895523,58.463050842285156
1.662000000000001E-5,-0.41766875982284546,21.58233070373535,-1.4438417565543205E-5,21.582345962524414,-0.10024050623178482,58.46363830566406
1.663000000000001E-5,-0.4096197187900543,21.59037971496582,-1.4438409380090889E-5,21.590394973754883,-0.0983087345957756,58.46424865722656
1.664000000000001E-5,-0.40157076716423035,21.59842872619629,-1.4438401194638573E-5,21.59844398498535,-0.09637697786092758,58.464881896972656
1.6650000000000008E-5,-0.39352184534072876,21.606477737426758,-1.4438393918680958E-5,21.60649299621582,-0.09444524347782135,58.465545654296875
1.666000000000001E-5,-0.38547301292419434,21.614526748657227,-1.4438385733228642E-5,21.61454200744629,-0.09251352399587631,58.46623229980469
1.6670000000000008E-5,-0.3774242699146271,21.622575759887695,-1.4438377547776327E-5,21.622591018676758,-0.09058181941509247,58.466949462890625
1.668000000000001E-5,-0.3693755865097046,21.630624771118164,-1.443836936232401E-5,21.630638122558594,-0.08865013718605042,58.467689514160156
1.6690000000000008E-5,-0.36132699251174927,21.638673782348633,-1.4438361176871695E-5,21.638687133789062,-0.08671847730875015,58.46845626831055
1.670000000000001E-5,-0.3532784581184387,21.64672088623047,-1.4438352991419379E-5,21.64673614501953,-0.08478683233261108,58.46924591064453
1.6710000000000008E-5,-0.3452300429344177,21.654769897460938,-1.4438344805967063E-5,21.65478515625,-0.0828552097082138,58.47006607055664
1.672000000000001E-5,-0.3371816873550415,21.662818908691406,-1.4438337530009449E-5,21.662832260131836,-0.08092360198497772,58.470909118652344
1.6730000000000008E-5,-0.32913342118263245,21.670866012573242,-1.4438329344557133E-5,21.670881271362305,-0.07899202406406403,58.471778869628906
1.674000000000001E-5,-0.32108527421951294,21.67891502380371,-1.4438321159104817E-5,21.67892837524414,-0.07706046104431152,58.47267532348633
1.6750000000000007E-5,-0.3130371868610382,21.686962127685547,-1.44383129736525E-5,21.68697738647461,-0.07512892782688141,58.473594665527344
1.676000000000001E-5,-0.304989218711853,21.695011138916016,-1.4438304788200185E-5,21.695024490356445,-0.07319741696119308,58.474544525146484
1.6770000000000007E-5,-0.296941339969635,21.70305824279785,-1.4438296602747869E-5,21.703073501586914,-0.07126592099666595,58.47551727294922
1.678000000000001E-5,-0.28889358043670654,21.71110725402832,-1.4438289326790255E-5,21.71112060546875,-0.06933446228504181,58.47651672363281
1.679000000000001E-5,-0.28084591031074524,21.719154357910156,-1.4438281141337939E-5,21.719167709350586,-0.06740301847457886,58.477542877197266
1.680000000000001E-5,-0.2727983593940735,21.727201461791992,-1.4438272955885623E-5,21.727216720581055,-0.0654716044664383,58.47859191894531
1.681000000000001E-5,-0.2647508978843689,21.735248565673828,-1.4438264770433307E-5,21.73526382446289,-0.06354021281003952,58.479671478271484
1.682000000000001E-5,-0.25670355558395386,21.743295669555664,-1.443825658498099E-5,21.743310928344727,-0.06160885468125343,58.48077392578125
1.683000000000001E-5,-0.24865633249282837,21.7513427734375,-1.4438248399528675E-5,21.751358032226562,-0.059677522629499435,58.481903076171875
1.6840000000000008E-5,-0.24060922861099243,21.759389877319336,-1.4438240214076359E-5,21.7594051361084,-0.05774621665477753,58.48305892944336
1.685000000000001E-5,-0.23256224393844604,21.767436981201172,-1.4438232938118745E-5,21.767452239990234,-0.05581493675708771,58.4842414855957
1.6860000000000008E-5,-0.2245153784751892,21.775484085083008,-1.4438224752666429E-5,21.77549934387207,-0.053883690387010574,58.48544692993164
1.687000000000001E-5,-0.21646863222122192,21.783531188964844,-1.4438216567214113E-5,21.783546447753906,-0.05195247009396553,58.48667907714844
1.6880000000000008E-5,-0.2084220051765442,21.79157829284668,-1.4438208381761797E-5,21.79159164428711,-0.05002128332853317,58.487937927246094
1.689000000000001E-5,-0.2003755271434784,21.799625396728516,-1.443820019630948E-5,21.799638748168945,-0.0480901263654232,58.48922348022461
1.6900000000000008E-5,-0.19232916831970215,21.80767059326172,-1.4438192010857165E-5,21.80768585205078,-0.04615899920463562,58.490535736083984
1.691000000000001E-5,-0.18428294360637665,21.815717697143555,-1.4438183825404849E-5,21.815731048583984,-0.044227905571460724,58.49187088012695
1.6920000000000007E-5,-0.1762368530035019,21.823762893676758,-1.4438176549447235E-5,21.82377815246582,-0.042296845465898514,58.49323272705078
1.693000000000001E-5,-0.16819091141223907,21.831809997558594,-1.4438168363994919E-5,21.831823348999023,-0.04036581888794899,58.49462127685547
1.6940000000000007E-5,-0.160145103931427,21.839855194091797,-1.4438160178542603E-5,21.839868545532227,-0.038434822112321854,58.496036529541016
1.695000000000001E-5,-0.15209943056106567,21.847900390625,-1.4438151993090287E-5,21.847915649414062,-0.0365038625895977,58.497474670410156
1.696000000000001E-5,-0.14405390620231628,21.855945587158203,-1.4438143807637971E-5,21.855960845947266,-0.034572940319776535,58.49894332885742
1.697000000000001E-5,-0.13600854575634003,21.863990783691406,-1.4438135622185655E-5,21.86400604248047,-0.032642051577568054,58.50043487548828
1.698000000000001E-5,-0.12796331942081451,21.87203598022461,-1.443812834622804E-5,21.872051239013672,-0.03071119822561741,58.501953125
1.699000000000001E-5,-0.11991825699806213,21.880081176757812,-1.4438120160775725E-5,21.880096435546875,-0.028780382126569748,58.50349807739258
1.700000000000001E-5,-0.11187334358692169,21.888126373291016,-1.4438111975323409E-5,21.888141632080078,-0.02684960328042507,58.50506591796875
1.7010000000000008E-5,-0.10382859408855438,21.89617156982422,-1.4438103789871093E-5,21.89618492126465,-0.02491886354982853,58.50666427612305
1.702000000000001E-5,-0.09578400105237961,21.904216766357422,-1.4438095604418777E-5,21.90423011779785,-0.02298816107213497,58.50828552246094
1.7030000000000008E-5,-0.08773957192897797,21.912260055541992,-1.4438087418966461E-5,21.912275314331055,-0.021057497709989548,58.50993347167969
1.704000000000001E-5,-0.07969530671834946,21.920305252075195,-1.4438079233514145E-5,21.920318603515625,-0.019126875326037407,58.51160430908203
1.7050000000000008E-5,-0.07165121287107468,21.928348541259766,-1.443807195755653E-5,21.928363800048828,-0.0171962920576334,58.5133056640625
1.706000000000001E-5,-0.06360729038715363,21.936391830444336,-1.4438063772104215E-5,21.9364070892334,-0.015265749767422676,58.51502990722656
1.7070000000000008E-5,-0.055563539266586304,21.94443702697754,-1.4438055586651899E-5,21.94445037841797,-0.01333524938672781,58.516780853271484
1.708000000000001E-5,-0.04751995950937271,21.95248031616211,-1.4438047401199583E-5,21.95249366760254,-0.011404790915548801,58.518558502197266
1.7090000000000007E-5,-0.03947656229138374,21.96052360534668,-1.4438039215747267E-5,21.96053695678711,-0.00947437435388565,58.520362854003906
1.710000000000001E-5,-0.0314333438873291,21.96856689453125,-1.4438031030294951E-5,21.96858024597168,-0.007544002030044794,58.52219009399414
1.7110000000000007E-5,-0.023390306159853935,21.97661018371582,-1.4438023754337337E-5,21.97662353515625,-0.0056136734783649445,58.524044036865234
1.712000000000001E-5,-0.015347453765571117,21.98465347290039,-1.4438015568885021E-5,21.98466682434082,-0.0036833889316767454,58.52592468261719
1.713000000000001E-5,-0.007304789498448372,21.992694854736328,-1.4438007383432705E-5,21.99271011352539,-0.0017531495541334152,58.52783203125
1.714000000000001E-5,7.376844878308475E-4,22.0007381439209,-1.4437999197980389E-5,22.000751495361328,1.7704427591525018E-4,58.52976608276367
1.715000000000001E-5,0.00877996627241373,22.008779525756836,-1.4437991012528073E-5,22.0087947845459,0.0021071918308734894,58.53172302246094
1.716000000000001E-5,0.016822053119540215,22.016822814941406,-1.4437982827075757E-5,22.016836166381836,0.0040372926741838455,58.53370666503906
1.717000000000001E-5,0.024863943457603455,22.024864196777344,-1.4437975551118143E-5,22.024877548217773,0.005967346485704184,58.53571701049805
1.718000000000001E-5,0.03290563449263573,22.03290557861328,-1.4437967365665827E-5,22.032920837402344,0.007897351868450642,58.53775405883789
1.719000000000001E-5,0.040947120636701584,22.04094696044922,-1.4437959180213511E-5,22.04096221923828,0.009827309288084507,58.539817810058594
1.7200000000000008E-5,0.048988405615091324,22.048988342285156,-1.4437950994761195E-5,22.04900360107422,0.011757217347621918,58.54190444946289
1.721000000000001E-5,0.05702948197722435,22.057029724121094,-1.4437942809308879E-5,22.057043075561523,0.013687076047062874,58.54401779174805
1.7220000000000008E-5,0.06507034599781036,22.06507110595703,-1.4437934623856563E-5,22.06508445739746,0.015616883523762226,58.54615783691406
1.723000000000001E-5,0.07311100512742996,22.073110580444336,-1.4437926438404247E-5,22.0731258392334,0.01754664070904255,58.54832458496094
1.7240000000000008E-5,0.08115144819021225,22.081151962280273,-1.4437919162446633E-5,22.081165313720703,0.01947634667158127,58.550514221191406
1.725000000000001E-5,0.08919166773557663,22.089191436767578,-1.4437910976994317E-5,22.08920669555664,0.02140600048005581,58.552734375
1.7260000000000008E-5,0.0972316712141037,22.097230911254883,-1.4437902791542001E-5,22.097246170043945,0.02333560213446617,58.55497741699219
1.727000000000001E-5,0.10527145862579346,22.10527229309082,-1.4437894606089685E-5,22.10528564453125,0.025265149772167206,58.55724334716797
1.7280000000000007E-5,0.11331101506948471,22.113311767578125,-1.443788642063737E-5,22.113325119018555,0.027194643393158913,58.559539794921875
1.729000000000001E-5,0.12135034799575806,22.12135124206543,-1.4437878235185053E-5,22.12136459350586,0.029124082997441292,58.56186294555664
1.730000000000001E-5,0.1293894499540329,22.1293888092041,-1.4437870959227439E-5,22.129404067993164,0.031053468585014343,58.564208984375
1.731000000000001E-5,0.13742832839488983,22.137428283691406,-1.4437862773775123E-5,22.13744354248047,0.03298279643058777,58.56658172607422
1.732000000000001E-5,0.14546696841716766,22.14546775817871,-1.4437854588322807E-5,22.14548110961914,0.034912072122097015,58.56897735595703
1.733000000000001E-5,0.1535053700208664,22.153505325317383,-1.4437846402870491E-5,22.153520584106445,0.03684128820896149,58.57140350341797
1.734000000000001E-5,0.16154353320598602,22.161542892456055,-1.4437838217418175E-5,22.161558151245117,0.03877044841647148,58.5738525390625
1.735000000000001E-5,0.16958144307136536,22.16958236694336,-1.443783003196586E-5,22.16959571838379,0.0406995490193367,58.57632827758789
1.736000000000001E-5,0.17761912941932678,22.17761993408203,-1.4437822756008245E-5,22.17763328552246,0.042628590017557144,58.57883071899414
1.7370000000000008E-5,0.1856565624475479,22.185657501220703,-1.4437814570555929E-5,22.185670852661133,0.04455757513642311,58.58135986328125
1.738000000000001E-5,0.19369374215602875,22.193693161010742,-1.4437806385103613E-5,22.193708419799805,0.046486496925354004,58.58391189575195
1.7390000000000008E-5,0.20173068344593048,22.201730728149414,-1.4437798199651297E-5,22.201745986938477,0.04841536283493042,58.58649444580078
1.740000000000001E-5,0.20976735651493073,22.209768295288086,-1.4437790014198981E-5,22.209781646728516,0.05034416541457176,58.5890998840332
1.7410000000000008E-5,0.21780377626419067,22.217803955078125,-1.4437781828746665E-5,22.217817306518555,0.05227290838956833,58.59172821044922
1.742000000000001E-5,0.22583994269371033,22.225839614868164,-1.4437774552789051E-5,22.225854873657227,0.05420158803462982,58.59438705444336
1.7430000000000008E-5,0.23387585580348969,22.233875274658203,-1.4437766367336735E-5,22.233890533447266,0.05613020434975624,58.597068786621094
1.744000000000001E-5,0.24191148579120636,22.241910934448242,-1.443775818188442E-5,22.241926193237305,0.058058757334947586,58.59977722167969
1.7450000000000007E-5,0.24994686245918274,22.24994659423828,-1.4437749996432103E-5,22.249961853027344,0.05998724699020386,58.60251235961914
1.746000000000001E-5,0.2579819858074188,22.25798225402832,-1.4437741810979787E-5,22.25799560546875,0.061915673315525055,58.60527420043945
1.747000000000001E-5,0.26601681113243103,22.266016006469727,-1.4437733625527471E-5,22.26603126525879,0.06384403258562088,58.608062744140625
1.748000000000001E-5,0.27405136823654175,22.274051666259766,-1.4437726349569857E-5,22.274065017700195,0.06577233225107193,58.61087417602539
1.749000000000001E-5,0.282085657119751,22.282085418701172,-1.4437718164117541E-5,22.282100677490234,0.06770055741071701,58.613712310791016
1.750000000000001E-5,0.2901196777820587,22.290119171142578,-1.4437709978665225E-5,22.29013442993164,0.06962872296571732,58.6165771484375
1.751000000000001E-5,0.2981534004211426,22.298152923583984,-1.443770179321291E-5,22.298168182373047,0.07155682146549225,58.61946487426758
1.752000000000001E-5,0.30618685483932495,22.30618667602539,-1.4437693607760593E-5,22.306201934814453,0.07348484545946121,58.622379302978516
1.753000000000001E-5,0.31422001123428345,22.314220428466797,-1.4437685422308277E-5,22.314233779907227,0.0754128023982048,58.62532424926758
1.7540000000000008E-5,0.32225289940834045,22.32225227355957,-1.4437678146350663E-5,22.322267532348633,0.07734069973230362,58.62828826904297
1.755000000000001E-5,0.3302854895591736,22.330286026000977,-1.4437669960898347E-5,22.330299377441406,0.07926851511001587,58.631282806396484
1.7560000000000008E-5,0.33831778168678284,22.33831787109375,-1.4437661775446031E-5,22.33833122253418,0.08119627088308334,58.63430404663086
1.757000000000001E-5,0.3463497757911682,22.346349716186523,-1.4437653589993715E-5,22.346364974975586,0.08312394469976425,58.63734817504883
1.7580000000000008E-5,0.3543814718723297,22.354381561279297,-1.44376454045414E-5,22.354394912719727,0.08505155891180038,58.640419006347656
1.759000000000001E-5,0.36241286993026733,22.36241340637207,-1.4437637219089083E-5,22.3624267578125,0.08697909116744995,58.643516540527344
1.7600000000000008E-5,0.3704439699649811,22.37044334411621,-1.443762994313147E-5,22.370458602905273,0.08890655636787415,58.646636962890625
1.761000000000001E-5,0.37847477197647095,22.378475189208984,-1.4437621757679153E-5,22.378488540649414,0.09083394706249237,58.649784088134766
1.7620000000000007E-5,0.38650527596473694,22.386505126953125,-1.4437613572226837E-5,22.386520385742188,0.09276126325130463,58.652957916259766
1.763000000000001E-5,0.39453545212745667,22.394535064697266,-1.4437605386774521E-5,22.394550323486328,0.09468850493431091,58.656158447265625
1.764000000000001E-5,0.4025653004646301,22.402565002441406,-1.4437597201322205E-5,22.40258026123047,0.09661567211151123,58.659385681152344
1.765000000000001E-5,0.4105948507785797,22.410594940185547,-1.443758901586989E-5,22.410608291625977,0.09854276478290558,58.662635803222656
1.766000000000001E-5,0.4186241030693054,22.418624877929688,-1.4437581739912275E-5,22.418638229370117,0.10046978294849396,58.66591262817383
1.767000000000001E-5,0.42665302753448486,22.426652908325195,-1.443757355445996E-5,22.426668167114258,0.10239672660827637,58.66921615600586
1.768000000000001E-5,0.43468162417411804,22.434680938720703,-1.4437565369007643E-5,22.434696197509766,0.10432358831167221,58.67254638671875
1.769000000000001E-5,0.44270989298820496,22.44270896911621,-1.4437557183555327E-5,22.442724227905273,0.10625037550926208,58.6759033203125
1.770000000000001E-5,0.4507378339767456,22.45073699951172,-1.4437548998103011E-5,22.45075225830078,0.1081770807504654,58.679283142089844
1.771000000000001E-5,0.45876544713974,22.458765029907227,-1.4437540812650695E-5,22.45878028869629,0.11010370403528214,58.68268966674805
1.772000000000001E-5,0.4667927324771881,22.466793060302734,-1.4437533536693081E-5,22.466806411743164,0.11203025281429291,58.68612289428711
1.7730000000000008E-5,0.47481968998908997,22.47481918334961,-1.4437525351240765E-5,22.474834442138672,0.11395671963691711,58.689579010009766
1.774000000000001E-5,0.48284628987312317,22.482847213745117,-1.443751716578845E-5,22.482860565185547,0.11588311195373535,58.69306182861328
1.7750000000000008E-5,0.4908725619316101,22.490873336791992,-1.4437508980336133E-5,22.490886688232422,0.11780941486358643,58.696571350097656
1.776000000000001E-5,0.4988985061645508,22.498897552490234,-1.4437500794883817E-5,22.498912811279297,0.11973564326763153,58.70010757446289
1.7770000000000008E-5,0.5069240927696228,22.50692367553711,-1.4437492609431501E-5,22.506938934326172,0.12166178226470947,58.703670501708984
1.778000000000001E-5,0.5149493217468262,22.514949798583984,-1.4437485333473887E-5,22.514963150024414,0.12358783930540085,58.70725631713867
1.7790000000000008E-5,0.5229742527008057,22.522974014282227,-1.4437477148021571E-5,22.52298927307129,0.12551382184028625,58.71086883544922
1.780000000000001E-5,0.5309987664222717,22.53099822998047,-1.4437468962569255E-5,22.53101348876953,0.1274397075176239,58.714508056640625
1.781000000000001E-5,0.5390229821205139,22.53902244567871,-1.443746077711694E-5,22.539037704467773,0.12936551868915558,58.71817398071289
1.782000000000001E-5,0.5470467805862427,22.547046661376953,-1.4437452591664623E-5,22.547061920166016,0.1312912404537201,58.72186279296875
1.783000000000001E-5,0.5550702810287476,22.555070877075195,-1.443744531570701E-5,22.555084228515625,0.13321687281131744,58.72557830810547
1.784000000000001E-5,0.5630934238433838,22.563093185424805,-1.4437437130254693E-5,22.563108444213867,0.13514241576194763,58.72932052612305
1.785000000000001E-5,0.5711161494255066,22.571115493774414,-1.4437428944802377E-5,22.571130752563477,0.13706788420677185,58.733089447021484
1.786000000000001E-5,0.5791385173797607,22.579137802124023,-1.4437420759350061E-5,22.579153060913086,0.1389932483434677,58.73688507080078
1.787000000000001E-5,0.587160587310791,22.587160110473633,-1.4437412573897745E-5,22.587175369262695,0.1409185379743576,58.74070358276367
1.788000000000001E-5,0.5951822400093079,22.595182418823242,-1.443740438844543E-5,22.595195770263672,0.14284373819828033,58.74454879760742
1.789000000000001E-5,0.6032034754753113,22.60320281982422,-1.4437397112487815E-5,22.60321807861328,0.1447688341140747,58.748416900634766
1.7900000000000008E-5,0.6112244129180908,22.611225128173828,-1.44373889270355E-5,22.611238479614258,0.1466938555240631,58.752315521240234
1.791000000000001E-5,0.6192449331283569,22.619245529174805,-1.4437380741583183E-5,22.619258880615234,0.14861878752708435,58.7562370300293
1.7920000000000008E-5,0.6272650957107544,22.62726593017578,-1.4437372556130867E-5,22.62727928161621,0.15054361522197723,58.76018524169922
1.793000000000001E-5,0.6352848410606384,22.635284423828125,-1.4437364370678551E-5,22.635299682617188,0.15246835350990295,58.76416015625
1.7940000000000008E-5,0.6433042287826538,22.6433048248291,-1.4437357094720937E-5,22.64331817626953,0.1543930172920227,58.76816177368164
1.795000000000001E-5,0.6513231992721558,22.651323318481445,-1.4437348909268621E-5,22.651336669921875,0.1563175618648529,58.772186279296875
1.7960000000000008E-5,0.6593418121337891,22.65934181213379,-1.4437340723816305E-5,22.65935707092285,0.15824203193187714,58.77623748779297
1.797000000000001E-5,0.6673600077629089,22.667360305786133,-1.443733253836399E-5,22.667373657226562,0.160166397690773,58.78031539916992
1.798000000000001E-5,0.6753778457641602,22.675376892089844,-1.4437324352911673E-5,22.675392150878906,0.16209067404270172,58.78441619873047
1.799000000000001E-5,0.683395266532898,22.683395385742188,-1.4437316167459358E-5,22.683408737182617,0.16401486098766327,58.78854751586914
1.800000000000001E-5,0.6914122700691223,22.6914119720459,-1.4437308891501743E-5,22.69142723083496,0.16593894362449646,58.792701721191406
1.801000000000001E-5,0.6994288563728333,22.69942855834961,-1.4437300706049427E-5,22.699443817138672,0.1678629368543625,58.796878814697266
1.802000000000001E-5,0.7074450850486755,22.70744514465332,-1.4437292520597111E-5,22.707460403442383,0.16978682577610016,58.80108642578125
1.803000000000001E-5,0.7154608964920044,22.71546173095703,-1.4437284335144795E-5,22.71547508239746,0.17171061038970947,58.80531692504883
1.804000000000001E-5,0.7234762907028198,22.72347640991211,-1.443727614969248E-5,22.72348976135254,0.17363430559635162,58.809574127197266
1.805000000000001E-5,0.7314912676811218,22.731491088867188,-1.4437268873734865E-5,22.73150634765625,0.1755579113960266,58.81385803222656
1.806000000000001E-5,0.7395058274269104,22.739505767822266,-1.443726068828255E-5,22.739521026611328,0.17748139798641205,58.81816864013672
1.8070000000000008E-5,0.7475199699401855,22.747520446777344,-1.4437252502830233E-5,22.747533798217773,0.17940479516983032,58.82250213623047
1.808000000000001E-5,0.755533754825592,22.75553321838379,-1.4437244317377917E-5,22.75554847717285,0.18132808804512024,58.82686233520508
1.8090000000000008E-5,0.7635470628738403,22.763547897338867,-1.4437236131925602E-5,22.763561248779297,0.183251291513443,58.83124923706055
1.810000000000001E-5,0.7715599536895752,22.771560668945312,-1.4437228855967987E-5,22.771574020385742,0.1851743757724762,58.835662841796875
1.8110000000000008E-5,0.7795723676681519,22.779571533203125,-1.4437220670515671E-5,22.779586791992188,0.18709737062454224,58.8400993347168
1.812000000000001E-5,0.7875844240188599,22.78758430480957,-1.4437212485063355E-5,22.787599563598633,0.18902026116847992,58.84456253051758
1.813000000000001E-5,0.7955960035324097,22.795595169067383,-1.443720429961104E-5,22.795610427856445,0.19094304740428925,58.84905242919922
1.814000000000001E-5,0.8036072254180908,22.803607940673828,-1.4437196114158724E-5,22.803621292114258,0.19286572933197021,58.85356521606445
1.815000000000001E-5,0.811617910861969,22.81161880493164,-1.4437187928706408E-5,22.81163215637207,0.19478830695152283,58.85810852050781
1.816000000000001E-5,0.8196282386779785,22.81962776184082,-1.4437180652748793E-5,22.819643020629883,0.19671078026294708,58.862674713134766
1.817000000000001E-5,0.8276380896568298,22.827638626098633,-1.4437172467296477E-5,22.827651977539062,0.1986331343650818,58.86726760864258
1.818000000000001E-5,0.835647463798523,22.835647583007812,-1.4437164281844161E-5,22.835660934448242,0.20055539906024933,58.871883392333984
1.819000000000001E-5,0.8436564803123474,22.843656539916992,-1.4437156096391845E-5,22.843669891357422,0.20247754454612732,58.87652587890625
1.820000000000001E-5,0.8516649603843689,22.851665496826172,-1.443714791093953E-5,22.8516788482666,0.20439960062503815,58.881195068359375
1.821000000000001E-5,0.859673023223877,22.85967254638672,-1.4437140634981915E-5,22.85968780517578,0.20632153749465942,58.88589096069336
1.822000000000001E-5,0.8676806688308716,22.8676815032959,-1.44371324495296E-5,22.867694854736328,0.20824335515499115,58.8906135559082
1.823000000000001E-5,0.875687837600708,22.875688552856445,-1.4437124264077283E-5,22.875701904296875,0.21016506850719452,58.89535903930664
1.824000000000001E-5,0.8836945295333862,22.88369369506836,-1.4437116078624967E-5,22.883708953857422,0.21208667755126953,58.90013122558594
1.825000000000001E-5,0.8917007446289062,22.891700744628906,-1.4437107893172652E-5,22.89171600341797,0.2140081822872162,58.904930114746094
1.8260000000000008E-5,0.8997065424919128,22.89970588684082,-1.4437100617215037E-5,22.899721145629883,0.2159295678138733,58.909751892089844
1.827000000000001E-5,0.9077118635177612,22.907711029052734,-1.4437092431762721E-5,22.907726287841797,0.21785084903240204,58.91460418701172
1.8280000000000008E-5,0.9157167077064514,22.91571617126465,-1.4437084246310405E-5,22.91573143005371,0.21977201104164124,58.91947937011719
1.829000000000001E-5,0.9237210750579834,22.923721313476562,-1.443707606085809E-5,22.923734664916992,0.22169305384159088,58.92437744140625
1.830000000000001E-5,0.9317249655723572,22.931724548339844,-1.4437067875405774E-5,22.931739807128906,0.22361399233341217,58.92930603027344
1.831000000000001E-5,0.9397283792495728,22.939727783203125,-1.443706059944816E-5,22.939743041992188,0.2255348116159439,58.93425750732422
1.832000000000001E-5,0.9477313756942749,22.947731018066406,-1.4437052413995843E-5,22.94774627685547,0.2274555265903473,58.93923568725586
1.833000000000001E-5,0.9557338356971741,22.955734252929688,-1.4437044228543527E-5,22.955747604370117,0.22937612235546112,58.944236755371094
1.834000000000001E-5,0.963735818862915,22.963735580444336,-1.4437036043091211E-5,22.9637508392334,0.2312965989112854,58.94926834106445
1.835000000000001E-5,0.9717373251914978,22.971736907958984,-1.4437027857638896E-5,22.971752166748047,0.23321695625782013,58.954322814941406
1.836000000000001E-5,0.9797383546829224,22.979738235473633,-1.4437020581681281E-5,22.979753494262695,0.2351371943950653,58.95940399169922
1.837000000000001E-5,0.9740976691246033,22.974098205566406,22.974082946777344,1.448297371098306E-5,0.23378343880176544,58.9611930847168
1.838000000000001E-5,0.9684568643569946,22.968456268310547,22.968442916870117,1.448296825401485E-5,0.2324296534061432,58.96296310424805
1.839000000000001E-5,0.9628158807754517,22.96281623840332,22.962800979614258,1.4482962797046639E-5,0.23107580840587616,58.96471405029297
1.840000000000001E-5,0.9571747779846191,22.95717430114746,22.95716094970703,1.4482957340078428E-5,0.22972194850444794,58.96644973754883
1.841000000000001E-5,0.9515334963798523,22.951534271240234,22.951519012451172,1.4482951883110218E-5,0.22836802899837494,58.968162536621094
1.842000000000001E-5,0.9458920359611511,22.945892333984375,22.945877075195312,1.4482945516647305E-5,0.22701407968997955,58.9698600769043
1.8430000000000008E-5,0.9402504563331604,22.940250396728516,22.940235137939453,1.4482940059679095E-5,0.22566010057926178,58.97153854370117
1.844000000000001E-5,0.9346086978912354,22.934608459472656,22.934595108032227,1.4482934602710884E-5,0.22430607676506042,58.973201751708984
1.8450000000000008E-5,0.928966760635376,22.928966522216797,22.928953170776367,1.4482929145742673E-5,0.22295202314853668,58.9748420715332
1.846000000000001E-5,0.923324704170227,22.923324584960938,22.923309326171875,1.4482923688774463E-5,0.22159793972969055,58.97646713256836
1.847000000000001E-5,0.9176825284957886,22.917682647705078,22.917667388916016,1.448291732231155E-5,0.22024381160736084,58.97807312011719
1.848000000000001E-5,0.9120401740074158,22.91204071044922,22.912025451660156,1.448291186534334E-5,0.21888965368270874,58.97966384887695
1.849000000000001E-5,0.9063977003097534,22.906396865844727,22.906383514404297,1.4482906408375129E-5,0.21753545105457306,58.981231689453125
1.850000000000001E-5,0.9007551074028015,22.900754928588867,22.900739669799805,1.4482900951406918E-5,0.216181218624115,58.982784271240234
1.851000000000001E-5,0.8951123356819153,22.895112991333008,22.895097732543945,1.4482895494438708E-5,0.21482695639133453,58.984317779541016
1.852000000000001E-5,0.8894694447517395,22.889469146728516,22.889455795288086,1.4482889127975795E-5,0.2134726643562317,58.98583221435547
1.853000000000001E-5,0.8838263750076294,22.883827209472656,22.883811950683594,1.4482883671007585E-5,0.21211834251880646,58.987327575683594
1.854000000000001E-5,0.8781832456588745,22.878183364868164,22.8781681060791,1.4482878214039374E-5,0.21076397597789764,58.988807678222656
1.855000000000001E-5,0.8725399374961853,22.872539520263672,22.872526168823242,1.4482872757071164E-5,0.20940957963466644,58.990264892578125
1.856000000000001E-5,0.8668965101242065,22.86689567565918,22.86688232421875,1.4482867300102953E-5,0.20805515348911285,58.9917106628418
1.857000000000001E-5,0.8612529635429382,22.86125373840332,22.861238479614258,1.448286093364004E-5,0.20670071244239807,58.993133544921875
1.858000000000001E-5,0.8556092381477356,22.855609893798828,22.855594635009766,1.448285547667183E-5,0.2053462266921997,58.994537353515625
1.859000000000001E-5,0.8499654531478882,22.849966049194336,22.849950790405273,1.448285001970362E-5,0.20399171113967896,58.99592590332031
1.8600000000000008E-5,0.8443214893341064,22.844322204589844,22.84430694580078,1.4482844562735409E-5,0.20263716578483582,58.99729537963867
1.861000000000001E-5,0.8386774659156799,22.83867835998535,22.83866310119629,1.4482839105767198E-5,0.2012825906276703,58.9986457824707
1.8620000000000008E-5,0.8330332636833191,22.833032608032227,22.833019256591797,1.4482832739304285E-5,0.19992798566818237,58.999977111816406
1.863000000000001E-5,0.8273889422416687,22.827388763427734,22.827375411987305,1.4482827282336075E-5,0.19857335090637207,59.00129318237305
1.864000000000001E-5,0.8217445611953735,22.821744918823242,22.82172966003418,1.4482821825367864E-5,0.19721868634223938,59.00259017944336
1.865000000000001E-5,0.816100001335144,22.816099166870117,22.816085815429688,1.4482816368399654E-5,0.1958640068769455,59.003868103027344
1.866000000000001E-5,0.8104553818702698,22.810455322265625,22.810440063476562,1.4482810001936741E-5,0.19450928270816803,59.005126953125
1.867000000000001E-5,0.804810643196106,22.804811477661133,22.80479621887207,1.448280454496853E-5,0.19315454363822937,59.00636672973633
1.868000000000001E-5,0.7991657257080078,22.799165725708008,22.799150466918945,1.448279908800032E-5,0.19179977476596832,59.007591247558594
1.869000000000001E-5,0.7935207486152649,22.793519973754883,22.793506622314453,1.448279363103211E-5,0.19044499099254608,59.00879669189453
1.870000000000001E-5,0.7878757119178772,22.78787612915039,22.787860870361328,1.4482788174063899E-5,0.18909016251564026,59.00998306274414
1.871000000000001E-5,0.7822304964065552,22.782230377197266,22.782215118408203,1.4482781807600986E-5,0.18773531913757324,59.01115036010742
1.872000000000001E-5,0.7765852212905884,22.77658462524414,22.77657127380371,1.4482776350632776E-5,0.18638044595718384,59.01230239868164
1.873000000000001E-5,0.770939826965332,22.77094078063965,22.770925521850586,1.4482770893664565E-5,0.18502555787563324,59.013431549072266
1.874000000000001E-5,0.7652943134307861,22.765295028686523,22.76527976989746,1.4482765436696354E-5,0.18367063999176025,59.01454544067383
1.875000000000001E-5,0.7596487402915955,22.7596492767334,22.759634017944336,1.4482759979728144E-5,0.18231569230556488,59.01564407348633
1.876000000000001E-5,0.7540030479431152,22.754003524780273,22.75398826599121,1.4482753613265231E-5,0.1809607297182083,59.016719818115234
1.877000000000001E-5,0.7483572959899902,22.74835777282715,22.748342514038086,1.448274815629702E-5,0.17960575222969055,59.01778030395508
1.878000000000001E-5,0.7427114248275757,22.742712020874023,22.74269676208496,1.448274269932881E-5,0.1782507449388504,59.01881790161133
1.8790000000000008E-5,0.7370654344558716,22.7370662689209,22.737051010131836,1.44827372423606E-5,0.17689570784568787,59.019840240478516
1.880000000000001E-5,0.7314193844795227,22.73141860961914,22.73140525817871,1.4482731785392389E-5,0.17554065585136414,59.02084732055664
1.881000000000001E-5,0.725773274898529,22.725772857666016,22.725759506225586,1.4482725418929476E-5,0.17418557405471802,59.02183151245117
1.882000000000001E-5,0.7201270461082458,22.72012710571289,22.720111846923828,1.4482719961961266E-5,0.1728304922580719,59.02280044555664
1.883000000000001E-5,0.7144806981086731,22.714481353759766,22.714466094970703,1.4482714504993055E-5,0.1714753657579422,59.02375030517578
1.884000000000001E-5,0.7088343501091003,22.708833694458008,22.708820343017578,1.4482709048024844E-5,0.1701202392578125,59.024681091308594
1.885000000000001E-5,0.7031878232955933,22.703187942504883,22.70317268371582,1.4482703591056634E-5,0.1687650829553604,59.025596618652344
1.886000000000001E-5,0.6975412964820862,22.697542190551758,22.697526931762695,1.4482697224593721E-5,0.16740991175174713,59.0264892578125
1.887000000000001E-5,0.6918946504592896,22.69189453125,22.691879272460938,1.448269176762551E-5,0.16605472564697266,59.027366638183594
1.888000000000001E-5,0.6862479448318481,22.686248779296875,22.686233520507812,1.44826863106573E-5,0.1646995097398758,59.02822494506836
1.889000000000001E-5,0.680601179599762,22.680601119995117,22.680585861206055,1.448268085368909E-5,0.16334427893161774,59.0290641784668
1.890000000000001E-5,0.674954354763031,22.67495346069336,22.67494010925293,1.4482674487226177E-5,0.1619890332221985,59.02988815307617
1.891000000000001E-5,0.6693074107170105,22.669307708740234,22.669292449951172,1.4482669030257966E-5,0.16063377261161804,59.03068923950195
1.892000000000001E-5,0.6636604070663452,22.663660049438477,22.663646697998047,1.4482663573289756E-5,0.1592784970998764,59.03147506713867
1.893000000000001E-5,0.6580133438110352,22.65801429748535,22.65799903869629,1.4482658116321545E-5,0.15792320668697357,59.03224563598633
1.894000000000001E-5,0.6523662209510803,22.652366638183594,22.65235137939453,1.4482652659353334E-5,0.15656790137290955,59.03299331665039
1.895000000000001E-5,0.6467190384864807,22.646718978881836,22.646703720092773,1.4482646292890422E-5,0.15521256625652313,59.03372573852539
1.8960000000000008E-5,0.6410717964172363,22.641071319580078,22.64105796813965,1.4482640835922211E-5,0.15385723114013672,59.0344352722168
1.897000000000001E-5,0.6354244947433472,22.63542366027832,22.63541030883789,1.4482635378954E-5,0.1525018811225891,59.03512954711914
1.898000000000001E-5,0.6297771334648132,22.629777908325195,22.629762649536133,1.448262992198579E-5,0.15114650130271912,59.03580856323242
1.899000000000001E-5,0.6241297125816345,22.624130249023438,22.624114990234375,1.448262446501758E-5,0.14979112148284912,59.03646469116211
1.900000000000001E-5,0.618482232093811,22.61848258972168,22.618467330932617,1.4482618098554667E-5,0.14843572676181793,59.037105560302734
1.901000000000001E-5,0.6128346920013428,22.612834930419922,22.61281967163086,1.4482612641586456E-5,0.14708031713962555,59.03772735595703
1.902000000000001E-5,0.6071870923042297,22.607187271118164,22.6071720123291,1.4482607184618246E-5,0.14572490751743317,59.038330078125
1.903000000000001E-5,0.6015394330024719,22.601539611816406,22.601524353027344,1.4482601727650035E-5,0.1443694680929184,59.03891372680664
1.904000000000001E-5,0.5958917737007141,22.59589195251465,22.595876693725586,1.4482596270681825E-5,0.14301402866840363,59.03948211669922
1.905000000000001E-5,0.5902440547943115,22.59024429321289,22.590229034423828,1.4482589904218912E-5,0.14165857434272766,59.04003143310547
1.906000000000001E-5,0.5845962762832642,22.584596633911133,22.58458137512207,1.4482584447250701E-5,0.1403031051158905,59.04056167602539
1.907000000000001E-5,0.578948438167572,22.578948974609375,22.578933715820312,1.4482578990282491E-5,0.13894762098789215,59.041072845458984
1.908000000000001E-5,0.5733006000518799,22.573301315307617,22.573286056518555,1.448257353331428E-5,0.1375921368598938,59.04156494140625
1.909000000000001E-5,0.567652702331543,22.567651748657227,22.567638397216797,1.448256807634607E-5,0.13623665273189545,59.04204177856445
1.910000000000001E-5,0.5620047450065613,22.56200408935547,22.56199073791504,1.4482561709883157E-5,0.1348811388015747,59.04249954223633
1.911000000000001E-5,0.5563567876815796,22.55635643005371,22.55634307861328,1.4482556252914947E-5,0.13352562487125397,59.042938232421875
1.912000000000001E-5,0.5507087707519531,22.550708770751953,22.55069351196289,1.4482550795946736E-5,0.13217011094093323,59.043357849121094
1.9130000000000008E-5,0.5450607538223267,22.545061111450195,22.545045852661133,1.4482545338978525E-5,0.1308145821094513,59.04376220703125
1.914000000000001E-5,0.5394126772880554,22.539413452148438,22.539398193359375,1.4482538972515613E-5,0.12945903837680817,59.04414749145508
1.915000000000001E-5,0.5337646007537842,22.533763885498047,22.533750534057617,1.4482533515547402E-5,0.12810349464416504,59.04451370239258
1.916000000000001E-5,0.5281164646148682,22.52811622619629,22.52810287475586,1.4482528058579192E-5,0.1267479509115219,59.04486083984375
1.917000000000001E-5,0.5224682688713074,22.52246856689453,22.52245330810547,1.4482522601610981E-5,0.1253923922777176,59.045188903808594
1.918000000000001E-5,0.5168201327323914,22.516820907592773,22.51680564880371,1.448251714464277E-5,0.12403682619333267,59.045501708984375
1.919000000000001E-5,0.5111719369888306,22.511171340942383,22.511157989501953,1.4482510778179858E-5,0.12268126010894775,59.04579544067383
1.920000000000001E-5,0.505523681640625,22.505523681640625,22.505508422851562,1.4482505321211647E-5,0.12132568657398224,59.04607009887695
1.921000000000001E-5,0.4998754560947418,22.499876022338867,22.499860763549805,1.4482499864243437E-5,0.11997011303901672,59.046329498291016
1.922000000000001E-5,0.49422720074653625,22.494226455688477,22.494213104248047,1.4482494407275226E-5,0.11861453205347061,59.046566009521484
1.923000000000001E-5,0.4885789453983307,22.48857879638672,22.488563537597656,1.4482488950307015E-5,0.1172589436173439,59.04678726196289
1.924000000000001E-5,0.48293066024780273,22.48293113708496,22.4829158782959,1.4482482583844103E-5,0.1159033551812172,59.04698944091797
1.925000000000001E-5,0.4772823452949524,22.47728157043457,22.47726821899414,1.4482477126875892E-5,0.11454776674509048,59.04717254638672
1.926000000000001E-5,0.47163406014442444,22.471633911132812,22.47161865234375,1.4482471669907682E-5,0.11319217085838318,59.047340393066406
1.927000000000001E-5,0.4659857153892517,22.465986251831055,22.465970993041992,1.4482466212939471E-5,0.11183657497167587,59.0474853515625
1.928000000000001E-5,0.46033740043640137,22.460336685180664,22.460323333740234,1.448246075597126E-5,0.11048097908496857,59.04761505126953
1.929000000000001E-5,0.454689085483551,22.454689025878906,22.454673767089844,1.4482454389508348E-5,0.10912537574768066,59.047725677490234
1.930000000000001E-5,0.4490407407283783,22.44904136657715,22.449026107788086,1.4482448932540137E-5,0.10776977986097336,59.047821044921875
1.931000000000001E-5,0.44339242577552795,22.443391799926758,22.443378448486328,1.4482443475571927E-5,0.10641417652368546,59.04789352416992
1.932000000000001E-5,0.4377440810203552,22.437744140625,22.437728881835938,1.4482438018603716E-5,0.10505858063697815,59.047950744628906
1.933000000000001E-5,0.4320957660675049,22.432096481323242,22.43208122253418,1.4482431652140804E-5,0.10370297729969025,59.04798889160156
1.934000000000001E-5,0.42644742131233215,22.42644691467285,22.426433563232422,1.4482426195172593E-5,0.10234738141298294,59.04800796508789
1.935000000000001E-5,0.4207991063594818,22.420799255371094,22.42078399658203,1.4482420738204382E-5,0.10099178552627563,59.048011779785156
1.936000000000001E-5,0.41515079140663147,22.415151596069336,22.415136337280273,1.4482415281236172E-5,0.09963618963956833,59.047996520996094
1.937000000000001E-5,0.40950247645378113,22.409502029418945,22.409488677978516,1.4482409824267961E-5,0.09828059375286102,59.0479621887207
1.938000000000001E-5,0.4038541913032532,22.403854370117188,22.403839111328125,1.4482403457805049E-5,0.09692500531673431,59.047908782958984
1.939000000000001E-5,0.3982059061527252,22.39820671081543,22.398191452026367,1.4482398000836838E-5,0.0955694168806076,59.04783630371094
1.940000000000001E-5,0.39255762100219727,22.39255714416504,22.39254379272461,1.4482392543868627E-5,0.0942138284444809,59.04774856567383
1.941000000000001E-5,0.3869093656539917,22.38690948486328,22.38689422607422,1.4482387086900417E-5,0.09285824745893478,59.047637939453125
1.942000000000001E-5,0.3812611401081085,22.381261825561523,22.38124656677246,1.4482381629932206E-5,0.09150267392396927,59.04751205444336
1.943000000000001E-5,0.37561291456222534,22.375612258911133,22.375598907470703,1.4482375263469294E-5,0.09014710038900375,59.04737091064453
1.944000000000001E-5,0.36996471881866455,22.369964599609375,22.369949340820312,1.4482369806501083E-5,0.08879153430461884,59.04720687866211
1.945000000000001E-5,0.36431652307510376,22.364316940307617,22.364301681518555,1.4482364349532872E-5,0.08743596822023392,59.047027587890625
1.946000000000001E-5,0.35866838693618774,22.35866928100586,22.358654022216797,1.4482358892564662E-5,0.0860804095864296,59.04682922363281
1.947000000000001E-5,0.35302025079727173,22.35301971435547,22.35300636291504,1.4482353435596451E-5,0.08472485840320587,59.04661178588867
1.948000000000001E-5,0.3473721444606781,22.34737205505371,22.34735679626465,1.4482347069133539E-5,0.08336931467056274,59.04637908935547
1.949000000000001E-5,0.34172409772872925,22.341724395751953,22.34170913696289,1.4482341612165328E-5,0.08201377838850021,59.04612350463867
1.950000000000001E-5,0.3360760509967804,22.336076736450195,22.336061477661133,1.4482336155197117E-5,0.08065824955701828,59.04585266113281
1.951000000000001E-5,0.33042803406715393,22.330427169799805,22.330413818359375,1.4482330698228907E-5,0.07930272817611694,59.045562744140625
1.952000000000001E-5,0.32478007674217224,22.324779510498047,22.324766159057617,1.4482324331765994E-5,0.0779472142457962,59.04525375366211
1.953000000000001E-5,0.31913214921951294,22.31913185119629,22.31911849975586,1.4482318874797784E-5,0.07659171521663666,59.04492950439453
1.954000000000001E-5,0.313484251499176,22.31348419189453,22.31346893310547,1.4482313417829573E-5,0.07523621618747711,59.044586181640625
1.955000000000001E-5,0.3078363835811615,22.307836532592773,22.30782127380371,1.4482307960861363E-5,0.07388073205947876,59.04422378540039
1.956000000000001E-5,0.30218857526779175,22.302188873291016,22.302173614501953,1.4482302503893152E-5,0.072525255382061,59.04384231567383
1.957000000000001E-5,0.2965407967567444,22.296541213989258,22.296525955200195,1.448229613743024E-5,0.07116978615522385,59.04344177246094
1.958000000000001E-5,0.2908930480480194,22.2908935546875,22.290878295898438,1.4482290680462029E-5,0.06981433182954788,59.043025970458984
1.959000000000001E-5,0.2852453887462616,22.285245895385742,22.28523063659668,1.4482285223493818E-5,0.06845889240503311,59.0425910949707
1.960000000000001E-5,0.2795977294445038,22.279598236083984,22.279582977294922,1.4482279766525608E-5,0.06710346043109894,59.042137145996094
1.961000000000001E-5,0.27395015954971313,22.273950576782227,22.273935317993164,1.4482274309557397E-5,0.06574803590774536,59.041664123535156
1.962000000000001E-5,0.2683026194572449,22.26830291748047,22.268287658691406,1.4482267943094485E-5,0.06439262628555298,59.041175842285156
1.963000000000001E-5,0.2626551389694214,22.26265525817871,22.26263999938965,1.4482262486126274E-5,0.06303723156452179,59.04066848754883
1.964000000000001E-5,0.2570077180862427,22.257007598876953,22.25699234008789,1.4482257029158063E-5,0.061681851744651794,59.04014205932617
1.965000000000001E-5,0.25136035680770874,22.251359939575195,22.251346588134766,1.4482251572189853E-5,0.060326483100652695,59.03959655761719
1.966000000000001E-5,0.2457130402326584,22.245712280273438,22.245698928833008,1.4482246115221642E-5,0.05897112935781479,59.039031982421875
1.967000000000001E-5,0.2400657832622528,22.240066528320312,22.24005126953125,1.448223974875873E-5,0.05761578679084778,59.0384521484375
1.968000000000001E-5,0.2344186007976532,22.234418869018555,22.234403610229492,1.4482234291790519E-5,0.05626046285033226,59.0378532409668
1.969000000000001E-5,0.22877147793769836,22.228771209716797,22.228757858276367,1.4482228834822308E-5,0.054905153810977936,59.037235260009766
1.970000000000001E-5,0.2231244146823883,22.22312355041504,22.22311019897461,1.4482223377854098E-5,0.053549859672784805,59.03660202026367
1.971000000000001E-5,0.21747742593288422,22.217477798461914,22.21746253967285,1.4482217011391185E-5,0.05219458043575287,59.035945892333984
1.972000000000001E-5,0.2118304967880249,22.211830139160156,22.211816787719727,1.4482211554422975E-5,0.050839319825172424,59.035274505615234
1.973000000000001E-5,0.20618364214897156,22.20618438720703,22.20616912841797,1.4482206097454764E-5,0.049484074115753174,59.034584045410156
1.974000000000001E-5,0.20053686201572418,22.200536727905273,22.20052146911621,1.4482200640486553E-5,0.048128847032785416,59.033878326416016
1.975000000000001E-5,0.19489015638828278,22.19489097595215,22.194875717163086,1.4482195183518343E-5,0.04677363857626915,59.03314971923828
1.976000000000001E-5,0.18924352526664734,22.18924331665039,22.18922996520996,1.448218881705543E-5,0.04541844502091408,59.032405853271484
1.977000000000001E-5,0.18359696865081787,22.183597564697266,22.183582305908203,1.448218336008722E-5,0.044063273817300797,59.03164291381836
1.978000000000001E-5,0.17795048654079437,22.177949905395508,22.177936553955078,1.4482177903119009E-5,0.04270811751484871,59.030860900878906
1.979000000000001E-5,0.17230409383773804,22.172304153442383,22.17228889465332,1.4482172446150798E-5,0.04135298356413841,59.03006362915039
1.980000000000001E-5,0.16665779054164886,22.166658401489258,22.166643142700195,1.4482166989182588E-5,0.03999786823987961,59.02924346923828
1.9810000000000012E-5,0.16101156175136566,22.1610107421875,22.16099739074707,1.4482160622719675E-5,0.038642775267362595,59.02840805053711
1.982000000000001E-5,0.15536540746688843,22.155364990234375,22.155351638793945,1.4482155165751465E-5,0.03728770092129707,59.02755355834961
1.9830000000000012E-5,0.14971935749053955,22.14971923828125,22.149703979492188,1.4482149708783254E-5,0.035932645201683044,59.02668380737305
1.984000000000001E-5,0.14407339692115784,22.144073486328125,22.144058227539062,1.4482144251815043E-5,0.034577615559101105,59.02579116821289
1.985000000000001E-5,0.1384275257587433,22.138427734375,22.138412475585938,1.4482138794846833E-5,0.03322260454297066,59.02488327026367
1.986000000000001E-5,0.1327817440032959,22.132781982421875,22.132766723632812,1.448213242838392E-5,0.031867615878582,59.023956298828125
1.987000000000001E-5,0.12713605165481567,22.12713623046875,22.127120971679688,1.448212697141571E-5,0.030512651428580284,59.023014068603516
1.988000000000001E-5,0.12149045616388321,22.121490478515625,22.121475219726562,1.4482121514447499E-5,0.029157711192965508,59.02204895019531
1.989000000000001E-5,0.1158449649810791,22.1158447265625,22.11583137512207,1.4482116057479288E-5,0.027802791446447372,59.02106857299805
1.990000000000001E-5,0.11019957065582275,22.110198974609375,22.110185623168945,1.4482110600511078E-5,0.026447897776961327,59.02006912231445
1.991000000000001E-5,0.10455428063869476,22.104555130004883,22.10453987121582,1.4482104234048165E-5,0.02509302832186222,59.01905059814453
1.992000000000001E-5,0.09890909492969513,22.098909378051758,22.098894119262695,1.4482098777079955E-5,0.023738181218504906,59.01801681518555
1.993000000000001E-5,0.09326400607824326,22.093263626098633,22.093250274658203,1.4482093320111744E-5,0.02238336205482483,59.01696014404297
1.994000000000001E-5,0.08761902898550034,22.08761978149414,22.087604522705078,1.4482087863143533E-5,0.021028567105531693,59.01588821411133
1.995000000000001E-5,0.08197416365146637,22.081974029541016,22.081958770751953,1.4482082406175323E-5,0.019673798233270645,59.01479721069336
1.996000000000001E-5,0.07632940262556076,22.076330184936523,22.07631492614746,1.448207603971241E-5,0.018319055438041687,59.01369094848633
1.997000000000001E-5,0.0706847533583641,22.0706844329834,22.07067108154297,1.44820705827442E-5,0.016964340582489967,59.01256561279297
1.9980000000000012E-5,0.0650402158498764,22.065040588378906,22.065025329589844,1.4482065125775989E-5,0.015609651803970337,59.011417388916016
1.999000000000001E-5,0.05939579755067825,22.059396743774414,22.05938148498535,1.4482059668807779E-5,0.014254990965127945,59.01025390625
